proton_vx_gse,proton_vy_gse,proton_vz_gse,proton_vx_gsm,proton_vy_gsm,proton_vz_gsm
1,-97.1,-3.1,-471.3,-87.6,42.0
2,-93.8,-1.8,-471.4,-84.1,41.6
3,-83.7,-2.1,-472.0,-75.2,36.7
4,-87.5,1.4,-471.9,-77.0,41.6
5,-99.4,1.1,-471.8,-87.7,46.7
6,-92.9,-3.0,-471.8,-83.8,40.1
7,-98.0,-1.9,-471.8,-87.9,43.4
8,-96.0,-2.8,-471.8,-86.5,41.7
9,-97.6,-3.3,-471.8,-88.2,42.0
10,-99.7,-2.7,-471.8,-89.8,43.5
11,-99.5,-1.6,-471.4,-89.1,44.3
12,-96.9,-1.2,-471.5,-86.6,43.5
13,-95.4,-2.4,-471.6,-85.8,41.8
14,-96.9,-0.5,-471.3,-86.3,44.0
15,-97.1,-2.8,-471.5,-87.6,42.1
16,-95.2,3.7,-471.6,-82.9,47.0
17,-102.6,-2.4,-470.9,-92.2,45.0
18,-97.5,-3.5,-471.1,-88.3,41.6
19,-103.9,13.5,-471.4,-86.1,59.7
20,-4.1,11.0,-420.4,1.4,11.6
21,48.7,25.2,-337.7,54.8,0.1
22,-3.1,8.5,-334.9,1.1,8.9
23,-3.1,8.4,-333.8,1.1,8.9
24,-3.1,8.4,-333.6,1.1,8.9
25,-3.1,8.4,-333.9,1.1,8.9
26,-3.1,8.4,-332.9,1.1,8.9
27,-3.1,15.0,-332.4,4.1,14.7
28,35.5,24.3,-332.7,42.7,5.4
29,35.9,24.3,-332.5,43.0,5.2
30,36.2,24.0,-332.0,43.2,4.8
31,-3.1,8.6,-331.5,1.2,9.1
32,13.9,11.8,-326.5,17.8,4.1
33,34.4,20.4,-328.5,39.9,2.4
34,32.0,18.7,-325.4,37.0,2.0
35,34.0,14.1,-325.3,36.7,-3.0
36,-3.0,8.3,-328.4,1.1,8.8
37,-1.3,9.7,-327.7,3.3,9.2
38,32.5,20.7,-328.1,38.4,3.6
39,30.8,20.9,-327.8,37.0,4.5
40,31.6,21.0,-326.3,37.7,4.3
41,26.8,21.4,-325.5,33.6,6.8
42,28.6,18.6,-324.3,33.9,3.6
43,27.1,17.1,-325.3,31.9,2.9
44,27.6,17.2,-324.4,32.4,2.8
45,28.3,17.4,-324.3,33.1,2.6
46,27.6,16.3,-323.8,32.0,2.0
47,27.7,18.0,-325.2,32.9,3.4
48,28.9,19.4,-326.7,34.5,4.2
49,29.0,18.9,-326.1,34.4,3.7
50,15.1,15.3,-324.4,20.3,6.8
51,28.4,20.4,-324.3,34.5,5.4
52,30.6,21.8,-325.5,37.2,5.6
53,27.3,20.0,-326.7,33.4,5.4
54,30.8,20.4,-328.4,36.7,4.2
55,38.4,0.6000000000000001,-323.9,34.6,-16.8
56,38.6,8.8,-325.6,38.4,-9.6
57,30.6,9.0,-325.2,31.4,-5.8
58,25.9,16.4,-332.2,30.5,3.0
59,28.2,-11.2,-325.0,20.1,-22.7
60,27.3,-22.2,-325.5,14.4,-32.1
61,31.4,-21.9,-325.0,18.2,-33.7
62,34.3,-34.8,-325.4,14.9,-46.5
63,41.9,-31.6,-324.9,23.2,-47.1
64,26.5,-18.7,-326.8,15.3,-28.6
65,37.7,-40.0,-324.6,15.7,-52.6
66,31.1,-26.6,-325.4,15.8,-37.7
67,35.4,-13.1,-325.8,25.8,-27.6
68,-3.1,8.3,-329.4,1.0,8.8
69,32.6,15.6,-329.0,36.1,-0.7000000000000001
70,31.6,15.8,-326.8,35.3,0.0
71,27.9,18.8,-325.7,33.4,4.3
72,28.6,18.0,-324.7,33.6,3.3
73,27.9,16.3,-325.1,32.2,2.1
74,29.0,15.9,-325.9,33.0,1.2
75,29.9,16.8,-326.5,34.3,1.7000000000000002
76,29.5,17.5,-327.7,34.2,2.4
77,-3.0,8.2,-325.9,1.0,8.7
78,32.4,14.0,-326.8,35.2,-1.9
79,32.1,18.6,-328.3,37.0,2.3
80,12.8,11.9,-327.9,16.8,4.9
81,19.3,17.3,-328.4,25.0,6.9
82,19.9,16.0,-328.3,25.0,5.5
83,28.0,19.4,-328.4,33.7,4.9
84,29.7,20.3,-328.4,35.6,5.0
85,32.7,22.2,-328.6,39.2,5.3
86,17.2,15.9,-329.5,22.5,6.6
87,29.5,19.0,-329.7,34.8,4.0
88,,,,,
89,29.1,17.2,-330.1,33.7,2.5
90,37.7,22.3,-330.4,43.7,3.3
91,,,,,
92,,,,,
93,40.1,24.8,-331.1,47.0,4.5
94,,,,,
95,36.9,23.7,-330.6,43.6,4.9
96,31.2,23.5,-329.2,38.4,7.3
97,,,,,
98,,,,,
99,33.1,22.6,-329.4,39.6,5.6
100,35.7,23.1,-329.9,42.2,5.0
101,,,,,
102,34.2,20.6,-328.9,39.7,3.4
103,,,,,
104,33.7,22.0,-329.4,39.9,4.9
105,,,,,
106,,,,,
107,33.5,21.9,-328.7,39.7,4.9
108,,,,,
109,30.6,24.2,-328.5,38.1,8.3
110,29.0,21.2,-328.8,35.3,6.3
111,,,,,
112,19.7,15.7,-330.1,24.6,5.4
113,,,,,
114,,,,,
115,-3.0,8.3,-329.7,0.9,8.8
116,,,,,
117,-3.1,8.4,-331.3,0.9,8.9
118,,,,,
119,-3.1,8.4,-331.8,0.9,8.9
120,34.2,13.4,-330.0,36.6,-3.0
121,,,,,
122,,,,,
123,-3.0,8.6,-326.3,1.1,9.1
124,,,,,
125,9.4,11.7,-327.4,13.5,6.4
126,,,,,
127,-3.0,8.3,-327.6,0.9,8.8
128,,,,,
129,-3.0,8.4,-330.8,0.9,8.9
130,,,,,
131,13.2,16.9,-331.7,19.2,9.5
132,,,,,
133,26.4,25.6,-332.6,34.9,11.6
134,,,,,
135,21.5,19.4,-332.2,27.8,8.2
136,,,,,
137,37.8,25.8,-331.1,45.3,6.8
138,,,,,
139,-3.0,16.1,-331.4,4.3,15.8
140,,,,,
141,21.5,17.3,-330.4,26.9,6.2
142,20.4,17.9,-329.2,26.1,7.3
143,,,,,
144,,,,,
145,-2.8,8.4,-327.1,1.1,8.8
146,17.2,12.6,-324.7,21.0,3.9
147,,,,,
148,,,,,
149,28.9,14.7,-325.6,32.4,0.8
150,,,,,
151,29.1,15.5,-328.1,32.9,1.4
152,,,,,
153,12.8,10.0,-326.9,15.9,3.5
154,30.3,16.0,-327.9,34.2,1.4
155,,,,,
156,,,,,
157,-2.8,8.7,-331.6,1.2,9.0
158,34.5,18.4,-330.8,39.1,1.8
159,,,,,
160,-3.1,8.4,-332.0,0.8,8.9
161,,,,,
162,-3.1,8.4,-332.6,0.8,8.9
163,,,,,
164,,,,,
165,-3.1,8.4,-331.6,0.8,8.9
166,,,,,
167,19.9,16.7,-330.8,25.2,6.6
168,,,,,
169,32.4,21.2,-329.1,38.4,5.3
170,27.8,18.1,-328.6,32.9,4.5
171,,,,,
172,,,,,
173,25.4,17.0,-328.2,30.2,4.5
174,33.3,18.0,-330.0,37.8,2.1
175,,,,,
176,33.7,18.3,-330.6,38.3,2.2
177,,,,,
178,,,,,
179,32.8,19.5,-330.0,38.0,3.7
180,,,,,
181,31.9,17.6,-329.3,36.4,2.4
182,33.7,17.4,-329.9,37.9,1.4
183,,,,,
184,38.8,18.9,-329.9,43.2,0.7000000000000001
185,,,,,
186,,,,,
187,31.4,17.8,-329.1,36.0,2.8
188,,,,,
189,37.7,17.9,-330.6,41.8,0.30000000000000004
190,38.9,19.6,-331.6,43.6,1.3
191,,,,,
192,39.3,19.9,-331.8,44.0,1.4
193,,,,,
194,38.5,20.8,-332.2,43.7,2.6
195,,,,,
196,-3.0,8.4,-334.0,0.8,8.9
197,,,,,
198,,,,,
199,-2.7,8.4,-334.4,1.1,8.8
200,-3.0,8.4,-334.2,0.8,8.9
201,,,,,
202,,,,,
203,-3.1,8.4,-334.2,0.7000000000000001,8.9
204,-3.1,8.5,-335.5,0.7000000000000001,9.0
205,,,,,
206,-3.9,10.7,-426.6,0.9,11.4
207,,,,,
208,-3.4,9.4,-373.6,0.8,9.9
209,,,,,
210,,,,,
211,-0.7000000000000001,-5.1,-309.3,-2.8,-4.3
212,3.2,-22.0,-300.0,-6.3,-21.3
213,,,,,
214,,,,,
215,-3.0,8.2,-330.5,0.7000000000000001,8.7
216,,,,,
217,-4.1,11.9,-454.7,1.2,12.5
218,,,,,
219,-3.4,9.3,-371.0,0.8,9.8
220,-15.8,32.0,-312.0,-1.1,35.7
221,,,,,
222,,,,,
223,-3.6,9.9,-364.8,0.8,10.5
224,-14.4,22.1,-311.1,-3.9,26.1
225,,,,,
226,5.9,-32.6,-297.2,-8.2,-32.1
227,,,,,
228,-2.5,0.1,-311.4,-2.2,1.1
229,,,,,
230,,,,,
231,-3.4,-3.0,-374.0,-4.3,-1.3
232,,,,,
233,-2.9,8.0,-314.2,0.6000000000000001,8.4
234,-3.4,8.0,-316.8,0.2,8.7
235,,,,,
236,,,,,
237,-2.9,7.9,-313.5,0.6000000000000001,8.4
238,-2.9,7.9,-313.7,0.6000000000000001,8.4
239,,,,,
240,,,,,
241,-3.6,9.8,-388.9,0.7000000000000001,10.4
242,,,,,
243,-3.7,10.1,-400.2,0.8,10.7
244,,,,,
245,-4.3,11.9,-469.5,0.9,12.6
246,,,,,
247,-4.3,11.9,-469.7,0.9,12.6
248,-4.3,11.9,-469.5,0.9,12.6
249,,,,,
250,-4.3,11.9,-469.3,1.0,12.6
251,,,,,
252,,,,,
253,-4.3,11.9,-469.5,0.9,12.6
254,,,,,
255,-4.3,11.9,-470.1,0.9,12.6
256,-4.3,11.9,-470.1,0.9,12.6
257,,,,,
258,,,,,
259,-4.3,11.9,-469.5,0.9,12.6
260,-4.3,11.9,-469.3,0.9,12.6
261,,,,,
262,,,,,
263,-4.3,11.9,-468.9,0.9,12.6
264,,,,,
265,-4.3,11.9,-469.1,0.9,12.6
266,-4.3,11.9,-469.7,0.9,12.6
267,,,,,
268,-4.3,11.9,-469.5,0.9,12.6
269,,,,,
270,,,,,
271,-4.4,11.9,-469.3,0.8,12.7
272,-4.2,11.8,-469.8,0.9,12.5
273,,,,,
274,-4.4,11.9,-470.0,0.8,12.7
275,,,,,
276,,,,,
277,-4.2,11.9,-469.7,0.9,12.6
278,-4.3,11.8,-469.1,0.8,12.6
279,,,,,
280,,,,,
281,-4.3,11.9,-469.4,0.8,12.6
282,-4.3,11.9,-469.7,0.8,12.6
283,,,,,
284,,,,,
285,-4.3,11.9,-469.2,0.8,12.6
286,-4.3,11.9,-470.0,0.8,12.6
287,,,,,
288,,,,,
289,-4.3,11.9,-469.6,0.8,12.6
290,-4.3,11.9,-469.1,0.8,12.6
291,,,,,
292,,,,,
293,-4.3,11.9,-469.3,0.8,12.6
294,,,,,
295,-4.3,11.9,-469.8,0.8,12.6
296,-4.4,11.9,-470.3,0.7000000000000001,12.7
297,,,,,
298,-4.3,11.9,-469.9,0.7000000000000001,12.6
299,,,,,
300,,,,,
301,-4.3,11.9,-469.9,0.7000000000000001,12.6
302,,,,,
303,-4.4,11.9,-471.0,0.6000000000000001,12.7
304,-4.3,11.9,-471.1,0.8,12.6
305,,,,,
306,-4.3,11.9,-471.0,0.7000000000000001,12.6
307,,,,,
308,,,,,
309,-4.3,11.9,-470.6,0.7000000000000001,12.6
310,,,,,
311,-4.2,11.9,-470.6,0.8,12.6
312,-4.3,11.9,-470.7,0.7000000000000001,12.6
313,,,,,
314,,,,,
315,-4.4,11.9,-471.3,0.6000000000000001,12.7
316,-4.3,11.9,-471.1,0.7000000000000001,12.6
317,,,,,
318,,,,,
319,-4.3,11.9,-470.2,0.7000000000000001,12.6
320,,,,,
321,-4.4,11.9,-470.7,0.6000000000000001,12.7
322,-4.2,11.9,-470.0,0.7000000000000001,12.6
323,,,,,
324,,,,,
325,-4.4,11.9,-469.9,0.6000000000000001,12.7
326,-4.3,11.9,-470.0,0.6000000000000001,12.6
327,,,,,
328,-4.3,11.9,-469.5,0.6000000000000001,12.6
329,,,,,
330,,,,,
331,-4.3,11.9,-469.3,0.6000000000000001,12.6
332,-4.3,11.9,-470.0,0.6000000000000001,12.6
333,,,,,
334,-4.3,11.9,-469.4,0.6000000000000001,12.6
335,,,,,
336,-4.3,11.9,-469.5,0.6000000000000001,12.6
337,,,,,
338,-4.3,11.9,-469.6,0.6000000000000001,12.6
339,,,,,
340,-2.9,7.9,-314.1,0.4,8.4
341,,,,,
342,-4.3,11.9,-467.7,0.6000000000000001,12.6
343,,,,,
344,-4.2,11.8,-469.4,0.6000000000000001,12.5
345,,,,,
346,,,,,
347,-4.3,11.9,-469.3,0.5,12.7
348,-4.3,11.9,-469.7,0.5,12.6
349,,,,,
350,-4.3,11.9,-469.7,0.5,12.6
351,,,,,
352,-4.3,11.9,-469.4,0.5,12.6
353,,,,,
354,,,,,
355,-4.3,11.9,-469.6,0.5,12.6
356,-4.3,11.9,-469.5,0.5,12.6
357,,,,,
358,-4.3,11.9,-469.7,0.5,12.6
359,,,,,
360,,,,,
361,-4.3,11.9,-469.7,0.5,12.6
362,-4.3,11.9,-469.5,0.5,12.7
363,,,,,
364,-3.5,9.7,-381.5,0.4,10.3
365,,,,,
366,,,,,
367,4.5,-6.0,-301.5,1.9,-7.2
368,-2.8,7.9,-311.9,0.30000000000000004,8.4
369,,,,,
370,-4.3,11.9,-469.9,0.4,12.6
371,,,,,
372,,,,,
373,-4.3,11.9,-470.0,0.5,12.6
374,-4.3,11.9,-470.0,0.4,12.6
375,,,,,
376,,,,,
377,-4.3,11.9,-469.7,0.4,12.6
378,-4.3,11.9,-469.8,0.5,12.6
379,,,,,
380,-4.2,11.9,-469.5,0.4,12.6
381,,,,,
382,-4.3,11.9,-470.0,0.4,12.6
383,,,,,
384,-4.3,11.9,-469.9,0.4,12.6
385,,,,,
386,,,,,
387,-4.3,11.9,-470.3,0.4,12.6
388,,,,,
389,-2.9,8.0,-317.5,0.2,8.5
390,,,,,
391,-3.0,8.3,-328.7,0.2,8.8
392,,,,,
393,-3.0,8.3,-329.5,0.2,8.8
394,-4.3,11.6,-456.1,0.2,12.3
395,,,,,
396,,,,,
397,-4.2,11.1,-459.1,0.1,11.9
398,-2.9,8.0,-384.1,0.2,8.5
399,,,,,
400,,,,,
401,-2.9,8.0,-319.1,0.2,8.5
402,,,,,
403,-3.6,10.1,-319.5,0.30000000000000004,10.7
404,,,,,
405,-3.1,8.2,-315.9,0.1,8.8
406,,,,,
407,-2.9,8.0,-316.5,0.2,8.5
408,,,,,
409,-4.3,11.9,-470.3,0.30000000000000004,12.7
410,,,,,
411,-4.2,11.9,-470.2,0.4,12.6
412,,,,,
413,-4.4,11.9,-470.1,0.2,12.7
414,-3.5,9.9,-392.1,0.30000000000000004,10.5
415,,,,,
416,,,,,
417,-3.4,9.5,-381.0,0.2,10.1
418,-2.9,8.0,-314.3,0.2,8.5
419,,,,,
420,,,,,
421,-2.9,8.0,-314.9,0.2,8.5
422,,,,,
423,-3.0,8.1,-317.2,0.1,8.6
424,,,,,
425,-2.9,8.0,-314.9,0.2,8.5
426,,,,,
427,-2.8,8.0,-314.9,0.2,8.5
428,,,,,
429,-2.9,8.0,-314.9,0.2,8.5
430,,,,,
431,-2.9,8.0,-314.9,0.1,8.5
432,,,,,
433,-2.9,8.0,-314.9,0.1,8.5
434,,,,,
435,-2.8,8.0,-315.3,0.2,8.5
436,,,,,
437,-4.3,11.9,-471.2,0.1,12.7
438,,,,,
439,-4.3,11.9,-471.3,0.1,12.7
440,,,,,
441,-4.3,11.9,-470.6,0.1,12.7
442,,,,,
443,-4.3,11.9,-470.4,0.1,12.7
444,-4.2,11.9,-470.5,0.2,12.6
445,,,,,
446,,,,,
447,-4.2,11.9,-469.1,0.2,12.6
448,-4.3,11.9,-471.6,0.1,12.6
449,,,,,
450,-4.2,11.9,-471.6,0.2,12.6
451,,,,,
452,-4.3,11.9,-470.6,0.1,12.7
453,,,,,
454,,,,,
455,-2.9,8.0,-314.7,0.0,8.5
456,-2.9,8.0,-314.9,0.0,8.5
457,,,,,
458,-2.9,8.0,-314.9,0.0,8.5
459,,,,,
460,-3.5,9.7,-383.6,0.0,10.3
461,,,,,
462,,,,,
463,-4.2,11.9,-470.5,0.1,12.6
464,,,,,
465,-2.9,8.0,-314.9,0.0,8.5
466,-3.5,9.7,-384.0,0.0,10.3
467,,,,,
468,-3.6,10.2,-401.2,0.0,10.8
469,,,,,
470,-3.6,9.9,-392.1,0.0,10.6
471,,,,,
472,-3.6,10.0,-392.5,0.0,10.6
473,,,,,
474,-2.9,8.0,-314.9,0.0,8.5
475,,,,,
476,,,,,
477,-3.6,10.0,-393.2,0.0,10.6
478,-4.3,12.0,-471.1,0.0,12.7
479,,,,,
480,,,,,
481,-4.3,11.9,-470.8,-0.1,12.7
482,,,,,
483,-4.3,11.9,-471.1,-0.1,12.7
484,,,,,
485,-4.3,11.9,-471.5,-0.1,12.7
486,,,,,
487,-4.2,11.9,-471.8,0.0,12.6
488,-4.3,12.0,-471.4,-0.1,12.8
489,,,,,
490,-4.3,11.9,-471.4,-0.1,12.7
491,,,,,
492,,,,,
493,-4.3,11.9,-471.2,-0.1,12.6
494,,,,,
495,-4.3,12.0,-471.6,-0.1,12.7
496,,,,,
497,-4.3,11.9,-471.7,-0.1,12.6
498,-4.4,12.0,-471.6,-0.2,12.8
499,,,,,
500,-4.3,11.9,-471.7,-0.2,12.7
501,,,,,
502,-4.3,11.9,-471.4,-0.2,12.7
503,,,,,
504,-4.3,12.0,-471.7,-0.1,12.7
505,,,,,
506,-4.2,11.9,-471.5,-0.1,12.6
507,,,,,
508,-4.3,12.0,-471.7,-0.2,12.7
509,,,,,
510,-4.3,12.0,-471.8,-0.2,12.7
511,,,,,
512,-4.3,12.0,-471.5,-0.2,12.7
513,,,,,
514,-4.3,11.9,-471.7,-0.2,12.7
515,,,,,
516,,,,,
517,-4.3,12.0,-471.2,-0.2,12.7
518,-4.3,12.0,-471.9,-0.2,12.7
519,,,,,
520,-4.3,11.9,-471.6,-0.2,12.7
521,,,,,
522,-4.3,12.0,-472.2,-0.2,12.7
523,,,,,
524,,,,,
525,-4.2,12.0,-471.6,-0.1,12.7
526,,,,,
527,-4.3,12.0,-471.8,-0.30000000000000004,12.7
528,,,,,
529,-4.2,12.0,-471.7,-0.2,12.7
530,,,,,
531,-4.2,11.9,-471.3,-0.2,12.6
532,,,,,
533,-4.3,12.0,-471.8,-0.30000000000000004,12.7
534,-4.2,12.0,-471.8,-0.2,12.7
535,,,,,
536,,,,,
537,-4.3,11.9,-471.8,-0.30000000000000004,12.6
538,-4.2,11.9,-471.8,-0.30000000000000004,12.6
539,,,,,
540,,,,,
541,-4.4,12.0,-471.4,-0.4,12.8
542,-4.3,12.0,-472.0,-0.30000000000000004,12.7
543,,,,,
544,,,,,
545,-4.3,12.0,-471.7,-0.30000000000000004,12.7
546,,,,,
547,-4.3,12.0,-471.7,-0.30000000000000004,12.7
548,,,,,
549,-4.2,12.0,-471.5,-0.30000000000000004,12.7
550,-4.3,12.0,-471.5,-0.4,12.7
551,,,,,
552,-4.3,11.9,-471.6,-0.4,12.6
553,,,,,
554,-4.3,11.9,-471.7,-0.4,12.6
555,,,,,
556,,,,,
557,-4.3,12.0,-471.7,-0.4,12.7
558,,,,,
559,-4.2,11.9,-471.7,-0.30000000000000004,12.6
560,-4.3,12.0,-472.3,-0.4,12.7
561,,,,,
562,,,,,
563,-4.2,12.0,-471.9,-0.30000000000000004,12.7
564,-4.3,12.0,-471.6,-0.4,12.7
565,,,,,
566,-4.2,12.0,-471.6,-0.4,12.7
567,,,,,
568,-4.3,12.0,-472.4,-0.5,12.7
569,,,,,
570,,,,,
571,-4.2,12.0,-471.8,-0.4,12.7
572,-4.2,12.0,-472.2,-0.4,12.7
573,,,,,
574,,,,,
575,-4.2,12.0,-472.1,-0.4,12.7
576,,,,,
577,-4.2,12.0,-472.0,-0.4,12.7
578,,,,,
579,-4.2,12.0,-472.0,-0.5,12.7
580,,,,,
581,-4.2,12.0,-472.2,-0.4,12.7
582,,,,,
583,-4.2,11.9,-472.4,-0.4,12.7
584,-4.2,12.0,-472.5,-0.4,12.7
585,,,,,
586,-4.3,12.0,-471.6,-0.5,12.7
587,,,,,
588,,,,,
589,-4.2,11.9,-471.8,-0.5,12.6
590,-4.3,12.0,-471.3,-0.5,12.7
591,,,,,
592,,,,,
593,-4.3,11.9,-471.7,-0.6000000000000001,12.6
594,,,,,
595,-4.2,11.9,-471.5,-0.5,12.6
596,,,,,
597,-4.3,12.0,-471.8,-0.6000000000000001,12.7
598,,,,,
599,-4.3,12.0,-471.6,-0.6000000000000001,12.7
600,-4.2,11.9,-471.6,-0.5,12.6
601,,,,,
602,,,,,
603,-4.2,11.9,-471.1,-0.6000000000000001,12.6
604,-4.2,11.9,-471.3,-0.6000000000000001,12.6
605,,,,,
606,-4.2,12.0,-471.2,-0.5,12.7
607,,,,,
608,,,,,
609,-4.3,12.0,-472.3,-0.6000000000000001,12.7
610,,,,,
611,-4.3,12.0,-472.5,-0.7000000000000001,12.7
612,,,,,
613,-4.3,12.0,-471.6,-0.7000000000000001,12.7
614,,,,,
615,-4.3,11.9,-471.6,-0.7000000000000001,12.7
616,,,,,
617,-4.3,12.0,-470.9,-0.7000000000000001,12.7
618,,,,,
619,-4.1,11.9,-471.9,-0.5,12.6
620,,,,,
621,-4.2,11.9,-471.4,-0.7000000000000001,12.6
622,,,,,
623,-4.3,11.9,-471.4,-0.7000000000000001,12.6
624,,,,,
625,-4.2,12.0,-471.5,-0.6000000000000001,12.7
626,-4.3,12.0,-471.8,-0.7000000000000001,12.7
627,-4.2,12.0,-471.9,-0.7000000000000001,12.7
628,,,,,
629,-4.2,11.9,-471.3,-0.7000000000000001,12.6
630,-4.2,12.0,-471.5,-0.7000000000000001,12.6
631,,,,,
632,,,,,
633,-4.3,12.0,-471.3,-0.8,12.7
634,,,,,
635,-4.2,12.0,-471.8,-0.7000000000000001,12.7
636,-4.3,11.9,-471.3,-0.8,12.6
637,,,,,
638,-4.3,12.0,-471.5,-0.8,12.7
639,,,,,
640,-4.2,12.0,-471.6,-0.7000000000000001,12.6
641,,,,,
642,-4.3,12.0,-472.4,-0.8,12.7
643,,,,,
644,-4.2,11.9,-471.0,-0.8,12.6
645,,,,,
646,,,,,
647,-4.3,12.0,-471.2,-0.8,12.7
648,,,,,
649,-4.3,12.0,-471.2,-0.9,12.7
650,,,,,
651,-4.3,12.0,-471.3,-0.9,12.7
652,-4.3,12.0,-470.9,-0.9,12.7
653,,,,,
654,-4.3,11.9,-470.8,-0.9,12.6
655,,,,,
656,-4.3,12.0,-471.1,-0.9,12.7
657,,,,,
658,,,,,
659,-4.4,12.0,-471.3,-1.0,12.7
660,,,,,
661,-4.2,12.0,-471.3,-0.8,12.7
662,,,,,
663,-4.2,11.9,-471.1,-0.8,12.6
664,,,,,
665,-4.3,12.0,-471.2,-1.0,12.7
666,-4.2,12.0,-471.3,-0.8,12.7
667,,,,,
668,-4.2,12.0,-471.4,-0.9,12.7
669,,,,,
670,-4.2,12.0,-471.7,-0.9,12.7
671,,,,,
672,,,,,
673,-4.2,12.0,-471.4,-0.9,12.7
674,,,,,
675,-4.2,12.0,-471.8,-0.9,12.7
676,,,,,
677,-4.2,12.0,-472.1,-0.9,12.7
678,,,,,
679,-4.3,12.0,-472.3,-1.0,12.7
680,-4.3,12.0,-472.3,-1.0,12.7
681,,,,,
682,,,,,
683,-4.2,12.0,-472.4,-0.9,12.7
684,-4.3,12.0,-472.3,-1.0,12.7
685,,,,,
686,-4.3,12.0,-472.0,-1.0,12.7
687,,,,,
688,,,,,
689,-4.3,12.0,-471.7,-1.0,12.7
690,,,,,
691,-4.2,12.0,-472.5,-1.0,12.7
692,-4.2,12.0,-472.2,-1.0,12.7
693,,,,,
694,,,,,
695,-4.3,12.0,-472.5,-1.1,12.7
696,,,,,
697,-4.2,12.0,-472.2,-1.0,12.7
698,,,,,
699,-4.2,12.0,-471.5,-1.0,12.7
700,,,,,
701,-4.2,12.0,-472.3,-1.0,12.7
702,,,,,
703,-4.2,12.0,-472.4,-1.0,12.7
704,-4.2,12.0,-472.3,-1.0,12.7
705,,,,,
706,-4.2,12.0,-472.1,-1.0,12.7
707,,,,,
708,-4.3,12.0,-472.2,-1.1,12.7
709,,,,,
710,-4.2,12.0,-472.0,-1.0,12.7
711,,,,,
712,-4.2,12.0,-471.2,-1.0,12.6
713,,,,,
714,,,,,
715,-4.2,12.0,-471.9,-1.1,12.7
716,-4.2,12.0,-472.6,-1.1,12.7
717,,,,,
718,,,,,
719,-4.2,12.0,-473.1,-1.1,12.7
720,,,,,
721,-4.3,12.0,-472.3,-1.2,12.7
722,,,,,
723,-4.3,12.0,-473.3,-1.2,12.7
724,,,,,
725,-4.2,12.0,-472.2,-1.1,12.7
726,,,,,
727,-4.2,12.0,-472.5,-1.2,12.7
728,-4.2,12.0,-471.8,-1.1,12.7
729,,,,,
730,,,,,
731,-4.2,12.0,-471.5,-1.1,12.7
732,,,,,
733,-4.2,12.0,-472.1,-1.1,12.7
734,,,,,
735,-4.1,12.0,-472.1,-1.1,12.6
736,-4.2,12.0,-472.2,-1.2,12.7
737,,,,,
738,-4.2,12.0,-472.3,-1.2,12.7
739,,,,,
740,-4.3,12.1,-473.7,-1.3,12.7
741,,,,,
742,,,,,
743,-4.2,12.0,-472.5,-1.2,12.7
744,-4.2,12.0,-471.8,-1.2,12.7
745,,,,,
746,-4.2,12.0,-471.6,-1.2,12.7
747,,,,,
748,,,,,
749,-4.3,12.0,-472.0,-1.3,12.7
750,-4.3,12.0,-472.0,-1.3,12.7
751,,,,,
752,-4.2,12.0,-472.3,-1.2,12.7
753,,,,,
754,,,,,
755,-4.2,12.0,-472.4,-1.2,12.7
756,-4.2,12.0,-471.6,-1.2,12.7
757,,,,,
758,,,,,
759,-4.2,12.0,-471.8,-1.3,12.7
760,,,,,
761,-4.3,12.0,-471.7,-1.4,12.7
762,-4.3,12.0,-471.7,-1.4,12.7
763,,,,,
764,,,,,
765,-4.3,12.0,-472.2,-1.3,12.7
766,,,,,
767,-4.2,12.0,-472.2,-1.3,12.7
768,,,,,
769,-4.2,12.0,-472.0,-1.3,12.6
770,,,,,
771,-4.2,12.0,-471.7,-1.3,12.6
772,,,,,
773,-4.2,12.0,-472.4,-1.3,12.6
774,-4.3,12.0,-472.1,-1.4,12.7
775,,,,,
776,,,,,
777,-4.2,12.0,-471.9,-1.3,12.6
778,,,,,
779,-4.3,12.0,-472.2,-1.4,12.7
780,,,,,
781,-4.2,12.0,-473.1,-1.3,12.6
782,,,,,
783,-4.2,12.0,-472.7,-1.4,12.7
784,,,,,
785,-4.3,12.0,-472.2,-1.5,12.7
786,-4.2,12.0,-472.6,-1.4,12.6
787,,,,,
788,,,,,
789,-4.2,12.0,-472.6,-1.4,12.6
790,,,,,
791,-4.3,12.0,-472.0,-1.5,12.7
792,,,,,
793,-4.1,12.0,-471.9,-1.3,12.6
794,-4.2,12.0,-472.1,-1.4,12.6
795,,,,,
796,,,,,
797,-4.2,12.0,-471.8,-1.4,12.6
798,-4.2,12.0,-471.9,-1.4,12.6
799,,,,,
800,,,,,
801,-4.1,12.0,-471.7,-1.3,12.6
802,,,,,
803,-4.2,12.0,-472.0,-1.4,12.6
804,-4.3,12.0,-472.4,-1.5,12.7
805,,,,,
806,-4.1,12.0,-471.6,-1.4,12.6
807,,,,,
808,-4.2,12.0,-471.8,-1.4,12.6
809,,,,,
810,,,,,
811,-4.3,12.0,-471.8,-1.6,12.7
812,,,,,
813,-4.2,12.0,-471.8,-1.5,12.6
814,,,,,
815,-4.3,12.0,-472.9,-1.5,12.6
816,-4.3,12.0,-472.1,-1.6,12.6
817,-4.3,12.0,-471.9,-1.6,12.6
818,,,,,
819,,,,,
820,-4.3,12.0,-472.6,-1.6,12.6
821,,,,,
822,-4.2,12.0,-472.4,-1.5,12.6
823,-4.1,12.0,-472.2,-1.4,12.6
824,,,,,
825,,,,,
826,-4.2,12.0,-472.2,-1.6,12.6
827,,,,,
828,-4.1,11.9,-472.0,-1.5,12.5
829,,,,,
830,-4.4,12.1,-472.7,-1.7000000000000002,12.8
831,,,,,
832,-4.2,12.0,-472.6,-1.6,12.6
833,-4.2,12.0,-472.6,-1.6,12.6
834,,,,,
835,-4.2,12.0,-472.0,-1.6,12.6
836,,,,,
837,,,,,
838,-4.1,12.0,-472.6,-1.5,12.6
839,-4.2,12.0,-472.6,-1.6,12.6
840,,,,,
841,,,,,
842,-4.3,12.0,-473.1,-1.6,12.6
843,,,,,
844,-4.2,12.0,-472.4,-1.6,12.6
845,,,,,
846,-4.2,12.0,-472.5,-1.6,12.6
847,,,,,
848,-4.1,12.0,-472.1,-1.6,12.6
849,,,,,
850,-4.2,12.0,-472.4,-1.6,12.6
851,,,,,
852,-4.3,12.0,-472.2,-1.7000000000000002,12.6
853,,,,,
854,-4.2,12.0,-472.4,-1.6,12.6
855,,,,,
856,-4.3,12.1,-473.0,-1.7000000000000002,12.7
857,,,,,
858,-4.3,12.1,-473.0,-1.7000000000000002,12.7
859,,,,,
860,-4.2,12.0,-472.6,-1.7000000000000002,12.6
861,-4.2,12.0,-472.4,-1.7000000000000002,12.6
862,,,,,
863,-4.2,12.0,-472.9,-1.7000000000000002,12.6
864,,,,,
865,-4.2,12.0,-472.7,-1.7000000000000002,12.6
866,,,,,
867,-4.1,12.0,-472.6,-1.6,12.6
868,,,,,
869,,,,,
870,-4.1,12.0,-473.1,-1.6,12.6
871,-4.1,12.0,-472.9,-1.6,12.6
872,,,,,
873,,,,,
874,-4.1,12.0,-472.2,-1.6,12.6
875,,,,,
876,-4.3,12.0,-472.9,-1.8,12.6
877,-4.2,12.0,-472.8,-1.7000000000000002,12.6
878,,,,,
879,,,,,
880,-4.2,12.0,-473.2,-1.7000000000000002,12.6
881,-4.2,12.0,-472.3,-1.7000000000000002,12.6
882,,,,,
883,-4.1,12.0,-472.7,-1.6,12.6
884,,,,,
885,-4.2,12.0,-473.0,-1.7000000000000002,12.6
886,,,,,
887,-4.2,12.0,-472.9,-1.8,12.6
888,,,,,
889,,,,,
890,-4.2,12.0,-472.8,-1.8,12.6
891,-4.2,12.0,-472.7,-1.8,12.6
892,,,,,
893,,,,,
894,-4.2,12.0,-473.7,-1.8,12.6
895,-4.1,12.0,-473.2,-1.7000000000000002,12.6
896,,,,,
897,,,,,
898,-4.1,12.0,-473.1,-1.7000000000000002,12.6
899,,,,,
900,-4.2,12.0,-472.7,-1.8,12.6
901,-4.2,12.0,-472.6,-1.8,12.6
902,,,,,
903,,,,,
904,-4.3,12.0,-473.1,-1.9,12.6
905,-4.2,12.0,-472.5,-1.8,12.6
906,,,,,
907,-4.2,12.0,-473.2,-1.8,12.6
908,,,,,
909,,,,,
910,-4.3,12.0,-472.1,-1.9,12.6
911,,,,,
912,-4.2,12.1,-474.4,-1.8,12.7
913,,,,,
914,-4.2,12.0,-472.5,-1.8,12.6
915,,,,,
916,-4.2,12.0,-472.1,-1.8,12.6
917,-4.2,12.0,-472.1,-1.9,12.6
918,,,,,
919,-4.3,12.0,-471.8,-2.0,12.6
920,,,,,
921,,,,,
922,-4.1,12.0,-471.8,-1.8,12.6
923,-4.2,12.0,-471.4,-1.9,12.6
924,,,,,
925,,,,,
926,-4.3,12.0,-472.0,-2.0,12.6
927,,,,,
928,-4.2,12.0,-472.2,-1.9,12.6
929,-4.1,12.0,-472.2,-1.8,12.5
930,,,,,
931,,,,,
932,-4.2,12.0,-471.5,-1.9,12.5
933,,,,,
934,-4.1,12.0,-471.9,-1.8,12.6
935,-4.2,12.0,-471.9,-1.9,12.6
936,,,,,
937,,,,,
938,-4.2,12.0,-472.3,-1.9,12.6
939,,,,,
940,-4.2,12.0,-472.3,-1.9,12.6
941,-4.2,12.0,-471.9,-1.9,12.6
942,,,,,
943,,,,,
944,-4.2,12.0,-472.2,-1.9,12.6
945,,,,,
946,-4.1,12.0,-472.2,-1.9,12.6
947,,,,,
948,-4.2,12.0,-472.5,-1.9,12.6
949,,,,,
950,-4.1,12.0,-472.6,-1.9,12.5
951,,,,,
952,-4.2,12.0,-474.9,-1.9,12.6
953,,,,,
954,-4.1,12.0,-471.9,-1.9,12.5
955,-4.1,12.0,-472.0,-1.9,12.5
956,,,,,
957,,,,,
958,-4.2,12.0,-472.6,-2.0,12.6
959,,,,,
960,-4.2,12.0,-473.0,-2.0,12.6
961,,,,,
962,-4.2,12.0,-470.6,-2.0,12.5
963,,,,,
964,-4.1,12.0,-472.3,-1.9,12.5
965,-4.2,12.0,-472.7,-2.0,12.6
966,,,,,
967,-4.1,12.0,-472.4,-1.9,12.5
968,,,,,
969,,,,,
970,-4.1,12.0,-471.6,-2.0,12.5
971,-4.1,11.9,-469.8,-1.9,12.5
972,,,,,
973,,,,,
974,-4.3,12.2,-477.6,-2.1,12.7
975,,,,,
976,-4.3,12.1,-477.1,-2.1,12.7
977,,,,,
978,-4.2,12.0,-472.5,-2.0,12.6
979,-4.1,12.0,-472.4,-1.9,12.5
980,,,,,
981,,,,,
982,-4.1,12.0,-471.1,-1.9,12.5
983,,,,,
984,-4.2,12.0,-472.2,-2.0,12.5
985,-4.2,12.1,-473.3,-2.0,12.6
986,,,,,
987,-4.2,12.1,-473.0,-2.0,12.6
988,,,,,
989,-4.2,12.0,-472.6,-2.1,12.5
990,,,,,
991,-4.2,12.0,-476.5,-2.0,12.5
992,,,,,
993,-4.2,12.0,-472.2,-2.1,12.5
994,,,,,
995,,,,,
996,-4.1,12.0,-472.4,-2.0,12.5
997,-4.1,12.0,-471.7,-2.0,12.6
998,,,,,
999,,,,,
1000,-4.2,12.0,-471.4,-2.0,12.5
1001,-4.1,12.0,-472.2,-2.0,12.5
1002,,,,,
1003,,,,,
1004,-4.2,12.0,-472.1,-2.1,12.5
1005,-4.3,12.0,-472.4,-2.1,12.5
1006,,,,,
1007,-4.2,12.1,-472.6,-2.1,12.6
1008,,,,,
1009,,,,,
1010,-4.2,12.1,-472.6,-2.1,12.6
1011,,,,,
1012,-4.2,12.0,-473.4,-2.1,12.5
1013,-4.1,12.0,-472.4,-2.0,12.5
1014,,,,,
1015,,,,,
1016,-4.3,12.1,-472.4,-2.2,12.6
1017,,,,,
1018,-4.2,12.0,-472.3,-2.1,12.5
1019,,,,,
1020,-4.3,12.0,-472.1,-2.2,12.6
1021,,,,,
1022,-4.1,12.0,-471.9,-2.0,12.5
1023,-4.1,12.0,-471.2,-2.1,12.5
1024,,,,,
1025,,,,,
1026,-4.1,12.0,-472.4,-2.0,12.5
1027,,,,,
1028,-4.1,12.0,-471.9,-2.1,12.5
1029,,,,,
1030,-4.1,12.0,-472.1,-2.1,12.5
1031,-4.1,12.0,-471.4,-2.1,12.5
1032,,,,,
1033,-4.1,12.0,-472.2,-2.1,12.5
1034,,,,,
1035,-4.2,12.0,-471.6,-2.2,12.5
1036,,,,,
1037,-4.1,12.0,-471.8,-2.1,12.5
1038,,,,,
1039,-4.1,12.0,-472.1,-2.1,12.5
1040,,,,,
1041,,,,,
1042,-4.1,12.0,-472.3,-2.1,12.5
1043,,,,,
1044,-4.1,12.0,-471.6,-2.1,12.5
1045,,,,,
1046,-4.1,12.0,-472.0,-2.1,12.5
1047,-4.2,12.0,-472.2,-2.2,12.5
1048,,,,,
1049,-4.2,12.0,-472.4,-2.2,12.5
1050,,,,,
1051,,,,,
1052,-4.1,12.0,-471.9,-2.1,12.5
1053,-4.2,12.0,-472.5,-2.2,12.5
1054,,,,,
1055,-4.1,12.0,-472.3,-2.1,12.5
1056,,,,,
1057,-4.1,12.0,-472.4,-2.1,12.5
1058,,,,,
1059,-4.3,12.1,-472.6,-2.3,12.6
1060,,,,,
1061,-4.1,12.0,-472.8,-2.1,12.5
1062,,,,,
1063,-4.2,12.0,-472.3,-2.2,12.5
1064,,,,,
1065,,,,,
1066,-4.1,12.0,-471.9,-2.1,12.5
1067,,,,,
1068,-4.1,12.0,-472.4,-2.1,12.5
1069,-4.1,12.0,-472.7,-2.1,12.5
1070,,,,,
1071,,,,,
1072,-4.2,12.0,-472.6,-2.2,12.5
1073,-4.2,12.0,-472.7,-2.2,12.5
1074,,,,,
1075,,,,,
1076,-4.2,12.0,-472.2,-2.2,12.5
1077,,,,,
1078,-4.1,12.0,-472.2,-2.1,12.5
1079,-4.1,12.0,-472.1,-2.1,12.5
1080,,,,,
1081,-4.1,12.0,-472.2,-2.2,12.5
1082,,,,,
1083,-4.2,12.0,-472.7,-2.3,12.5
1084,,,,,
1085,-4.3,12.1,-472.9,-2.3,12.6
1086,,,,,
1087,-4.1,12.0,-473.2,-2.2,12.5
1088,,,,,
1089,-4.1,12.0,-472.7,-2.2,12.5
1090,,,,,
1091,,,,,
1092,-4.1,12.0,-471.6,-2.2,12.5
1093,-4.1,12.0,-471.6,-2.2,12.5
1094,,,,,
1095,,,,,
1096,-4.1,12.0,-471.8,-2.2,12.5
1097,-4.2,12.1,-472.5,-2.2,12.6
1098,,,,,
1099,,,,,
1100,-4.1,12.0,-472.0,-2.2,12.5
1101,,,,,
1102,-4.2,12.1,-472.6,-2.3,12.6
1103,,,,,
1104,-4.2,12.1,-472.5,-2.2,12.6
1105,,,,,
1106,-4.1,12.0,-472.7,-2.2,12.5
1107,,,,,
1108,-4.1,12.0,-472.6,-2.2,12.5
1109,,,,,
1110,-4.2,12.1,-472.4,-2.3,12.6
1111,,,,,
1112,-4.2,12.1,-472.7,-2.3,12.6
1113,,,,,
1114,-4.2,12.0,-472.8,-2.2,12.5
1115,,,,,
1116,-4.1,12.0,-472.5,-2.2,12.5
1117,,,,,
1118,-4.2,12.0,-472.4,-2.3,12.5
1119,-4.1,12.0,-472.2,-2.2,12.5
1120,,,,,
1121,-4.2,12.0,-472.1,-2.3,12.5
1122,,,,,
1123,,,,,
1124,-4.2,12.0,-472.4,-2.3,12.5
1125,-4.2,12.0,-472.7,-2.3,12.5
1126,,,,,
1127,,,,,
1128,-4.2,12.1,-472.7,-2.3,12.6
1129,,,,,
1130,-4.2,12.1,-473.4,-2.3,12.6
1131,,,,,
1132,-4.2,12.0,-473.2,-2.3,12.5
1133,,,,,
1134,-4.1,12.0,-472.3,-2.2,12.5
1135,-4.1,12.0,-472.0,-2.2,12.5
1136,,,,,
1137,,,,,
1138,-4.1,12.1,-472.6,-2.2,12.6
1139,,,,,
1140,-4.2,12.0,-472.9,-2.3,12.5
1141,,,,,
1142,-4.2,12.0,-472.6,-2.3,12.5
1143,-4.1,12.0,-472.7,-2.2,12.5
1144,,,,,
1145,,,,,
1146,-4.1,12.1,-472.7,-2.2,12.5
1147,-4.1,12.0,-472.4,-2.2,12.5
1148,,,,,
1149,-4.1,12.0,-472.2,-2.2,12.5
1150,,,,,
1151,,,,,
1152,-4.1,12.0,-471.7,-2.2,12.5
1153,-4.2,12.0,-472.2,-2.3,12.5
1154,,,,,
1155,,,,,
1156,-4.2,12.0,-472.3,-2.3,12.5
1157,-4.1,12.0,-472.3,-2.2,12.5
1158,,,,,
1159,,,,,
1160,-4.0,12.0,-472.3,-2.1,12.5
1161,-4.2,12.1,-472.3,-2.3,12.6
1162,,,,,
1163,-4.2,12.0,-472.3,-2.4,12.5
1164,,,,,
1165,-4.2,12.1,-472.4,-2.3,12.6
1166,,,,,
1167,,,,,
1168,-4.1,12.1,-472.1,-2.2,12.6
1169,,,,,
1170,-4.1,12.0,-472.3,-2.3,12.5
1171,,,,,
1172,-4.3,12.1,-472.8,-2.4,12.6
1173,-4.1,12.1,-473.3,-2.2,12.6
1174,,,,,
1175,-4.2,12.1,-473.3,-2.3,12.6
1176,,,,,
1177,-4.2,12.1,-472.8,-2.3,12.6
1178,,,,,
1179,-4.2,12.1,-472.4,-2.3,12.6
1180,,,,,
1181,-4.3,12.1,-472.8,-2.4,12.6
1182,,,,,
1183,-4.2,12.1,-472.6,-2.4,12.6
1184,,,,,
1185,-4.1,12.0,-472.3,-2.3,12.5
1186,,,,,
1187,-4.1,12.1,-472.4,-2.3,12.5
1188,,,,,
1189,-4.1,12.0,-472.2,-2.3,12.5
1190,,,,,
1191,-3.9,12.0,-471.9,-2.1,12.4
1192,,,,,
1193,-4.0,12.0,-471.6,-2.1,12.4
1194,,,,,
1195,,,,,
1196,-4.1,12.0,-472.2,-2.3,12.5
1197,-4.0,12.0,-472.2,-2.2,12.5
1198,,,,,
1199,-4.2,12.1,-471.8,-2.4,12.6
1200,,,,,
1201,-4.1,12.0,-471.6,-2.2,12.5
1202,,,,,
1203,,,,,
1204,-4.2,12.0,-471.5,-2.4,12.5
1205,,,,,
1206,-4.2,12.1,-472.1,-2.4,12.6
1207,,,,,
1208,-4.2,12.1,-472.3,-2.4,12.6
1209,,,,,
1210,-4.2,12.1,-472.3,-2.4,12.6
1211,-4.1,12.0,-472.3,-2.3,12.5
1212,,,,,
1213,-4.0,12.0,-471.3,-2.2,12.5
1214,,,,,
1215,,,,,
1216,-4.1,12.0,-472.0,-2.3,12.5
1217,,,,,
1218,-4.1,12.0,-472.1,-2.3,12.5
1219,-4.1,12.0,-472.2,-2.3,12.5
1220,,,,,
1221,-4.2,12.1,-471.5,-2.4,12.6
1222,,,,,
1223,,,,,
1224,-4.3,12.1,-471.7,-2.5,12.6
1225,,,,,
1226,-4.1,12.0,-471.6,-2.2,12.5
1227,,,,,
1228,-4.1,12.1,-472.9,-2.3,12.6
1229,,,,,
1230,-4.0,12.0,-472.5,-2.2,12.5
1231,-4.0,12.0,-472.6,-2.2,12.5
1232,,,,,
1233,,,,,
1234,-4.1,12.1,-472.4,-2.3,12.6
1235,-4.2,12.1,-472.7,-2.3,12.6
1236,,,,,
1237,-4.1,12.0,-472.1,-2.3,12.5
1238,,,,,
1239,,,,,
1240,-4.2,12.1,-471.9,-2.4,12.6
1241,-4.1,12.1,-471.4,-2.3,12.6
1242,,,,,
1243,-4.1,12.1,-471.9,-2.3,12.6
1244,,,,,
1245,-4.1,12.0,-471.9,-2.3,12.5
1246,,,,,
1247,,,,,
1248,-4.2,12.1,-472.3,-2.4,12.5
1249,-4.2,12.0,-472.3,-2.4,12.5
1250,,,,,
1251,,,,,
1252,-4.1,12.0,-471.7,-2.3,12.5
1253,,,,,
1254,-4.1,12.0,-471.8,-2.3,12.5
1255,-4.1,12.0,-471.7,-2.3,12.5
1256,,,,,
1257,-4.1,12.0,-472.0,-2.3,12.5
1258,,,,,
1259,,,,,
1260,-4.1,12.0,-471.5,-2.3,12.5
1261,-4.1,12.0,-472.0,-2.3,12.5
1262,,,,,
1263,,,,,
1264,-4.1,12.0,-471.3,-2.3,12.5
1265,,,,,
1266,-4.1,12.0,-471.3,-2.3,12.5
1267,,,,,
1268,-4.1,12.0,-471.7,-2.3,12.5
1269,,,,,
1270,-4.1,12.0,-471.6,-2.3,12.5
1271,,,,,
1272,-4.0,12.0,-472.0,-2.2,12.5
1273,-4.1,12.0,-471.5,-2.3,12.5
1274,,,,,
1275,-4.0,12.0,-471.5,-2.2,12.5
1276,,,,,
1277,-4.2,12.1,-471.5,-2.4,12.6
1278,,,,,
1279,-4.1,12.0,-471.7,-2.3,12.5
1280,,,,,
1281,-4.1,12.1,-472.4,-2.3,12.6
1282,,,,,
1283,-4.1,12.1,-472.0,-2.3,12.6
1284,,,,,
1285,,,,,
1286,-4.1,12.0,-471.8,-2.3,12.5
1287,-4.2,12.0,-471.9,-2.3,12.5
1288,,,,,
1289,-4.2,12.0,-471.7,-2.4,12.5
1290,,,,,
1291,,,,,
1292,-4.0,12.0,-471.5,-2.2,12.5
1293,-4.1,12.0,-471.9,-2.3,12.5
1294,,,,,
1295,-4.1,12.0,-472.4,-2.3,12.5
1296,,,,,
1297,-4.1,12.1,-472.1,-2.3,12.6
1298,,,,,
1299,,,,,
1300,-4.1,12.0,-471.9,-2.3,12.5
1301,-4.1,12.0,-472.0,-2.3,12.5
1302,,,,,
1303,,,,,
1304,-4.2,12.1,-471.6,-2.4,12.6
1305,,,,,
1306,-4.1,12.1,-471.7,-2.3,12.6
1307,-4.1,12.0,-471.9,-2.3,12.5
1308,,,,,
1309,,,,,
1310,-4.1,12.0,-472.0,-2.3,12.5
1311,-4.1,12.1,-472.2,-2.3,12.6
1312,,,,,
1313,,,,,
1314,-4.1,12.0,-472.2,-2.3,12.5
1315,-4.1,12.0,-471.8,-2.3,12.5
1316,,,,,
1317,,,,,
1318,-4.1,12.1,-471.9,-2.2,12.6
1319,,,,,
1320,-4.1,12.0,-471.7,-2.3,12.5
1321,,,,,
1322,-4.1,12.0,-472.3,-2.3,12.5
1323,,,,,
1324,-4.1,12.0,-472.0,-2.3,12.5
1325,-4.1,12.1,-472.1,-2.2,12.6
1326,,,,,
1327,-4.0,12.0,-471.6,-2.2,12.5
1328,,,,,
1329,,,,,
1330,-4.1,12.1,-472.2,-2.2,12.6
1331,-4.1,12.1,-472.2,-2.2,12.5
1332,,,,,
1333,-4.1,12.0,-472.0,-2.3,12.5
1334,,,,,
1335,-4.1,12.0,-471.8,-2.2,12.5
1336,,,,,
1337,-4.1,12.0,-471.9,-2.2,12.5
1338,,,,,
1339,,,,,
1340,-4.1,12.1,-471.7,-2.2,12.6
1341,,,,,
1342,-4.1,12.0,-471.8,-2.2,12.5
1343,-4.1,12.0,-472.2,-2.2,12.5
1344,,,,,
1345,-4.1,12.1,-472.2,-2.2,12.5
1346,,,,,
1347,-4.1,12.1,-472.3,-2.2,12.6
1348,-4.1,12.1,-472.0,-2.2,12.6
1349,,,,,
1350,-4.0,12.0,-472.1,-2.1,12.5
1351,,,,,
1352,-4.1,12.0,-471.8,-2.2,12.5
1353,,,,,
1354,,,,,
1355,-4.1,12.1,-471.9,-2.2,12.5
1356,-4.1,12.1,-471.9,-2.2,12.6
1357,,,,,
1358,,,,,
1359,-4.0,12.0,-472.0,-2.1,12.5
1360,-4.0,12.0,-472.0,-2.1,12.5
1361,,,,,
1362,-4.1,12.0,-472.2,-2.2,12.5
1363,,,,,
1364,-4.1,12.0,-472.0,-2.2,12.5
1365,,,,,
1366,-4.1,12.0,-472.0,-2.2,12.5
1367,,,,,
1368,,,,,
1369,-4.1,12.1,-472.0,-2.2,12.6
1370,,,,,
1371,-4.2,12.1,-472.1,-2.3,12.6
1372,-4.1,12.1,-472.5,-2.2,12.6
1373,-4.1,12.1,-472.2,-2.2,12.6
1374,-4.0,12.0,-472.1,-2.1,12.5
1375,-4.0,12.0,-471.8,-2.1,12.5
1376,-4.1,12.1,-472.3,-2.2,12.6
1377,-4.1,12.1,-472.1,-2.2,12.6
1378,-4.1,12.0,-472.2,-2.2,12.5
1379,-4.1,12.0,-472.0,-2.2,12.5
1380,-4.1,12.1,-472.1,-2.2,12.6
1381,-4.1,12.1,-472.5,-2.2,12.6
1382,-4.1,12.1,-472.6,-2.2,12.6
1383,-4.1,12.1,-472.3,-2.2,12.6
1384,-4.1,12.1,-472.4,-2.2,12.6
1385,-4.1,12.1,-472.4,-2.1,12.6
1386,-4.1,12.1,-472.1,-2.2,12.6
1387,-4.1,12.1,-472.3,-2.1,12.6
1388,-4.1,12.1,-472.4,-2.1,12.6
1389,-4.1,12.1,-472.2,-2.1,12.6
1390,-4.1,12.1,-472.3,-2.1,12.6
1391,-4.1,12.1,-472.4,-2.1,12.6
1392,-4.1,12.1,-472.5,-2.1,12.6
1393,-4.1,12.1,-472.7,-2.1,12.6
1394,-4.1,12.1,-472.5,-2.1,12.6
1395,-4.1,12.1,-472.6,-2.1,12.6
1396,-4.1,12.1,-472.5,-2.1,12.6
1397,-4.1,12.1,-472.2,-2.1,12.6
1398,-4.1,12.1,-472.2,-2.1,12.6
1399,-4.1,12.1,-472.3,-2.1,12.6
1400,-4.1,12.1,-472.2,-2.1,12.6
1401,-4.1,12.1,-472.4,-2.1,12.6
1402,-4.1,12.1,-472.5,-2.1,12.6
1403,-4.0,12.0,-471.9,-2.0,12.5
1404,-4.1,12.1,-472.2,-2.1,12.6
1405,,,,,
1406,-4.1,12.1,-472.4,-2.1,12.6
1407,,,,,
1408,-4.1,12.1,-472.3,-2.1,12.6
1409,,,,,
1410,,,,,
1411,-4.1,12.1,-471.7,-2.1,12.6
1412,,,,,
1413,-4.1,12.1,-472.1,-2.1,12.6
1414,,,,,
1415,-4.1,12.1,-472.2,-2.1,12.6
1416,-4.1,12.1,-472.3,-2.1,12.6
1417,,,,,
1418,,,,,
1419,-4.1,12.1,-472.1,-2.1,12.6
1420,-4.1,12.1,-472.0,-2.1,12.6
1421,,,,,
1422,,,,,
1423,-4.1,12.1,-472.2,-2.0,12.6
1424,-4.1,12.1,-472.4,-2.1,12.6
1425,,,,,
1426,-4.1,12.1,-472.4,-2.0,12.6
1427,,,,,
1428,,,,,
1429,-4.1,12.1,-472.3,-2.1,12.6
1430,-4.1,12.0,-471.9,-2.0,12.6
1431,,,,,
1432,,,,,
1433,-4.1,12.1,-472.0,-2.0,12.6
1434,-4.1,12.1,-472.5,-2.0,12.6
1435,,,,,
1436,-4.1,12.1,-471.9,-2.0,12.6
1437,,,,,
1438,,,,,
1439,-4.1,12.1,-472.2,-2.0,12.6
1440,-4.1,12.1,-472.1,-2.0,12.6
1441,,,,,
1442,,,,,
1443,-4.1,12.1,-471.8,-2.0,12.6
1444,,,,,
1445,-4.1,12.1,-471.9,-2.0,12.6
1446,-4.1,12.1,-471.9,-2.0,12.6
1447,,,,,
1448,-4.1,12.1,-472.3,-2.0,12.6
1449,,,,,
1450,-4.1,12.1,-472.2,-2.0,12.6
1451,,,,,
1452,,,,,
1453,-4.0,12.1,-472.6,-1.9,12.6
1454,-4.1,12.1,-472.5,-2.0,12.6
1455,,,,,
1456,,,,,
1457,-4.1,12.0,-471.8,-2.0,12.5
1458,-4.1,12.1,-472.1,-2.0,12.6
1459,,,,,
1460,,,,,
1461,-4.0,12.1,-472.1,-1.9,12.6
1462,-4.1,12.1,-472.7,-1.9,12.6
1463,,,,,
1464,-4.0,12.1,-471.9,-1.9,12.6
1465,,,,,
1466,-4.1,12.1,-471.9,-2.0,12.6
1467,,,,,
1468,-4.1,12.1,-472.1,-1.9,12.6
1469,,,,,
1470,,,,,
1471,-4.1,12.1,-472.6,-2.0,12.6
1472,,,,,
1473,-4.0,12.1,-471.9,-1.9,12.6
1474,-4.1,12.1,-472.4,-1.9,12.6
1475,,,,,
1476,,,,,
1477,-4.1,12.1,-472.4,-2.0,12.6
1478,-4.0,12.1,-472.2,-1.8,12.6
1479,,,,,
1480,,,,,
1481,-4.1,12.1,-472.2,-1.9,12.6
1482,,,,,
1483,-4.1,12.1,-472.0,-1.9,12.6
1484,-4.0,12.1,-472.4,-1.8,12.6
1485,,,,,
1486,-4.1,12.1,-472.3,-1.9,12.6
1487,,,,,
1488,,,,,
1489,-4.0,12.1,-472.5,-1.8,12.6
1490,-4.1,12.1,-472.3,-1.9,12.6
1491,,,,,
1492,-4.1,12.1,-472.3,-1.9,12.6
1493,,,,,
1494,,,,,
1495,-4.1,12.1,-472.3,-1.9,12.6
1496,,,,,
1497,-4.0,12.1,-472.1,-1.8,12.6
1498,-4.1,12.1,-472.7,-1.8,12.6
1499,,,,,
1500,,,,,
1501,-4.1,12.1,-472.4,-1.9,12.6
1502,,,,,
1503,-4.1,12.1,-472.5,-1.9,12.6
1504,-4.1,12.1,-472.2,-1.9,12.6
1505,,,,,
1506,-4.0,12.1,-472.4,-1.8,12.6
1507,,,,,
1508,-4.0,12.1,-472.1,-1.8,12.6
1509,,,,,
1510,,,,,
1511,-4.0,12.1,-472.1,-1.8,12.6
1512,-4.0,12.1,-472.1,-1.8,12.6
1513,,,,,
1514,-4.0,12.1,-471.9,-1.8,12.6
1515,,,,,
1516,,,,,
1517,-4.0,12.1,-472.1,-1.8,12.6
1518,,,,,
1519,-4.1,12.1,-472.1,-1.8,12.6
1520,-4.0,12.1,-472.0,-1.7000000000000002,12.6
1521,,,,,
1522,-4.0,12.1,-472.2,-1.7000000000000002,12.6
1523,,,,,
1524,,,,,
1525,-4.0,12.1,-472.1,-1.7000000000000002,12.6
1526,-4.0,12.1,-472.1,-1.7000000000000002,12.6
1527,,,,,
1528,-4.0,12.1,-471.8,-1.7000000000000002,12.6
1529,,,,,
1530,-4.0,12.1,-472.2,-1.7000000000000002,12.6
1531,,,,,
1532,-4.0,12.0,-471.9,-1.7000000000000002,12.5
1533,,,,,
1534,,,,,
1535,-4.0,12.1,-472.0,-1.7000000000000002,12.6
1536,-4.0,12.1,-472.2,-1.7000000000000002,12.6
1537,,,,,
1538,,,,,
1539,-4.0,12.1,-472.8,-1.7000000000000002,12.6
1540,,,,,
1541,-4.1,12.1,-471.9,-1.7000000000000002,12.6
1542,,,,,
1543,-4.0,12.1,-472.1,-1.7000000000000002,12.6
1544,-4.1,12.1,-471.7,-1.7000000000000002,12.6
1545,,,,,
1546,-4.0,12.1,-471.9,-1.7000000000000002,12.6
1547,,,,,
1548,,,,,
1549,-4.0,12.1,-471.7,-1.7000000000000002,12.6
1550,,,,,
1551,-4.0,12.1,-471.9,-1.7000000000000002,12.6
1552,,,,,
1553,-4.0,12.1,-471.7,-1.6,12.6
1554,,,,,
1555,-4.0,12.1,-472.0,-1.7000000000000002,12.6
1556,,,,,
1557,-4.0,12.1,-472.3,-1.6,12.6
1558,,,,,
1559,-4.1,12.1,-472.4,-1.7000000000000002,12.7
1560,-4.0,12.1,-472.2,-1.6,12.6
1561,,,,,
1562,,,,,
1563,-4.0,12.1,-472.0,-1.6,12.6
1564,-4.0,12.1,-471.8,-1.6,12.6
1565,,,,,
1566,,,,,
1567,-4.0,12.1,-472.1,-1.6,12.6
1568,-4.0,12.1,-472.3,-1.6,12.6
1569,,,,,
1570,,,,,
1571,-4.0,12.1,-472.1,-1.6,12.6
1572,-4.1,12.1,-472.0,-1.7000000000000002,12.7
1573,,,,,
1574,-4.0,12.1,-472.0,-1.6,12.6
1575,,,,,
1576,-4.1,12.1,-471.9,-1.7000000000000002,12.7
1577,,,,,
1578,,,,,
1579,-4.0,12.1,-472.7,-1.6,12.6
1580,-4.0,12.1,-472.3,-1.6,12.7
1581,,,,,
1582,,,,,
1583,-4.1,12.1,-472.1,-1.6,12.7
1584,,,,,
1585,-4.0,12.1,-472.2,-1.6,12.6
1586,,,,,
1587,-4.0,12.1,-472.4,-1.5,12.7
1588,-4.0,12.1,-472.3,-1.5,12.7
1589,,,,,
1590,-4.0,12.1,-472.4,-1.5,12.7
1591,,,,,
1592,-4.0,12.1,-472.5,-1.5,12.7
1593,,,,,
1594,-4.0,12.1,-472.4,-1.5,12.7
1595,,,,,
1596,-4.0,12.1,-472.3,-1.5,12.7
1597,,,,,
1598,,,,,
1599,-4.1,12.1,-472.4,-1.6,12.7
1600,,,,,
1601,-4.0,12.1,-472.3,-1.5,12.7
1602,,,,,
1603,-4.0,12.1,-472.6,-1.5,12.7
1604,-4.0,12.1,-472.2,-1.5,12.7
1605,,,,,
1606,,,,,
1607,-4.0,12.1,-472.4,-1.5,12.7
1608,-4.1,12.1,-472.4,-1.6,12.7
1609,,,,,
1610,-4.0,12.1,-472.2,-1.5,12.7
1611,,,,,
1612,,,,,
1613,-4.0,12.1,-472.8,-1.5,12.7
1614,,,,,
1615,-4.0,12.1,-472.5,-1.5,12.7
1616,,,,,
1617,-4.0,12.1,-472.2,-1.4,12.7
1618,,,,,
1619,-4.0,12.1,-471.8,-1.4,12.6
1620,,,,,
1621,-4.0,12.1,-472.7,-1.4,12.7
1622,,,,,
1623,-4.0,12.1,-472.7,-1.4,12.7
1624,-4.0,12.1,-472.4,-1.4,12.7
1625,,,,,
1626,,,,,
1627,-4.0,12.1,-472.0,-1.4,12.7
1628,,,,,
1629,-4.0,12.1,-471.9,-1.4,12.7
1630,,,,,
1631,-4.0,12.1,-472.5,-1.4,12.7
1632,-4.0,12.1,-472.7,-1.4,12.7
1633,,,,,
1634,,,,,
1635,-4.0,12.1,-472.6,-1.4,12.7
1636,,,,,
1637,-4.0,12.1,-472.4,-1.4,12.7
1638,-4.0,12.1,-472.4,-1.4,12.7
1639,,,,,
1640,,,,,
1641,-4.0,12.1,-472.4,-1.4,12.7
1642,-4.0,12.1,-472.0,-1.4,12.7
1643,,,,,
1644,,,,,
1645,-4.0,12.1,-472.6,-1.3,12.7
1646,,,,,
1647,-4.0,12.1,-472.5,-1.3,12.7
1648,,,,,
1649,-4.0,12.1,-471.9,-1.3,12.7
1650,-4.0,12.1,-472.2,-1.3,12.7
1651,,,,,
1652,,,,,
1653,-4.0,12.1,-472.5,-1.3,12.7
1654,-4.0,12.1,-472.3,-1.3,12.7
1655,,,,,
1656,-4.0,12.1,-472.2,-1.3,12.7
1657,,,,,
1658,-4.0,12.1,-472.0,-1.3,12.7
1659,,,,,
1660,-4.0,12.1,-472.2,-1.3,12.7
1661,,,,,
1662,,,,,
1663,-4.0,12.1,-472.4,-1.3,12.7
1664,-4.0,12.1,-472.5,-1.3,12.7
1665,,,,,
1666,,,,,
1667,-4.0,12.1,-472.7,-1.3,12.7
1668,-4.0,12.1,-472.3,-1.3,12.7
1669,,,,,
1670,-4.0,12.1,-472.1,-1.3,12.7
1671,,,,,
1672,-4.0,12.1,-472.8,-1.2,12.7
1673,,,,,
1674,,,,,
1675,-4.0,12.1,-472.3,-1.2,12.7
1676,,,,,
1677,-4.0,12.1,-472.0,-1.2,12.7
1678,,,,,
1679,-4.0,12.1,-472.2,-1.3,12.7
1680,,,,,
1681,-4.0,12.1,-472.5,-1.2,12.7
1682,,,,,
1683,-4.0,12.1,-472.7,-1.2,12.7
1684,,,,,
1685,-4.1,12.1,-471.9,-1.3,12.7
1686,,,,,
1687,-4.0,12.1,-472.4,-1.2,12.7
1688,,,,,
1689,-4.0,12.1,-472.5,-1.2,12.7
1690,,,,,
1691,-4.0,12.1,-472.3,-1.2,12.7
1692,-4.0,12.1,-472.8,-1.2,12.7
1693,,,,,
1694,,,,,
1695,-4.0,12.1,-472.3,-1.2,12.7
1696,-4.0,12.1,-472.5,-1.2,12.7
1697,,,,,
1698,,,,,
1699,-4.0,12.1,-472.3,-1.1,12.7
1700,,,,,
1701,-4.0,12.1,-472.6,-1.2,12.7
1702,-4.0,12.1,-472.6,-1.2,12.7
1703,,,,,
1704,-4.0,12.1,-472.7,-1.1,12.7
1705,,,,,
1706,,,,,
1707,-4.0,12.1,-472.4,-1.1,12.7
1708,-4.0,12.1,-472.5,-1.1,12.7
1709,,,,,
1710,-4.1,12.1,-472.7,-1.2,12.7
1711,,,,,
1712,-4.0,12.1,-472.8,-1.1,12.7
1713,,,,,
1714,,,,,
1715,-4.0,12.1,-472.9,-1.1,12.7
1716,,,,,
1717,-4.0,12.1,-472.8,-1.1,12.7
1718,-4.1,12.1,-473.0,-1.1,12.7
1719,,,,,
1720,-4.0,12.1,-472.7,-1.1,12.7
1721,,,,,
1722,-4.0,12.1,-472.6,-1.1,12.7
1723,,,,,
1724,,,,,
1725,-4.0,12.1,-472.7,-1.0,12.7
1726,,,,,
1727,-4.0,12.1,-472.8,-1.0,12.7
1728,,,,,
1729,-4.0,12.1,-472.7,-1.0,12.7
1730,,,,,
1731,-4.0,12.1,-472.7,-1.0,12.7
1732,-4.0,12.1,-472.7,-1.0,12.7
1733,,,,,
1734,-4.0,12.1,-472.7,-1.0,12.7
1735,,,,,
1736,-4.0,12.1,-472.7,-1.0,12.7
1737,,,,,
1738,-4.0,12.1,-472.5,-1.0,12.7
1739,,,,,
1740,-4.0,12.1,-472.7,-1.0,12.7
1741,,,,,
1742,-4.0,12.1,-472.6,-1.0,12.7
1743,,,,,
1744,-4.0,12.1,-472.7,-1.0,12.7
1745,,,,,
1746,,,,,
1747,-4.0,12.1,-472.8,-1.0,12.7
1748,-4.0,12.1,-472.9,-0.9,12.7
1749,,,,,
1750,,,,,
1751,-4.0,12.1,-472.7,-0.9,12.7
1752,,,,,
1753,-4.0,12.1,-472.6,-0.9,12.7
1754,,,,,
1755,-4.0,12.1,-472.9,-0.9,12.7
1756,,,,,
1757,-4.0,12.1,-472.7,-0.9,12.7
1758,,,,,
1759,-4.0,12.1,-472.5,-0.9,12.7
1760,-4.0,12.1,-472.8,-0.9,12.7
1761,,,,,
1762,-4.0,12.1,-472.7,-0.9,12.7
1763,,,,,
1764,-4.0,12.1,-472.9,-0.9,12.7
1765,,,,,
1766,,,,,
1767,-4.0,12.1,-473.4,-0.9,12.7
1768,,,,,
1769,-4.0,12.1,-472.7,-0.9,12.7
1770,,,,,
1771,-4.0,12.1,-472.7,-0.9,12.7
1772,,,,,
1773,-4.0,12.1,-473.0,-0.9,12.7
1774,-4.0,12.1,-472.9,-0.8,12.7
1775,-4.0,12.1,-473.4,-0.9,12.7
1776,,,,,
1777,,,,,
1778,-4.0,12.1,-473.1,-0.8,12.7
1779,-4.0,12.1,-473.0,-0.8,12.7
1780,,,,,
1781,,,,,
1782,-4.0,12.1,-472.7,-0.8,12.7
1783,-4.0,12.1,-472.9,-0.8,12.7
1784,,,,,
1785,,,,,
1786,-51.6,12.1,-473.0,-46.8,24.8
1787,-4.0,12.1,-473.2,-0.8,12.7
1788,,,,,
1789,,,,,
1790,-4.0,12.1,-473.3,-0.8,12.7
1791,,,,,
1792,-4.0,12.1,-473.0,-0.8,12.7
1793,-4.0,12.1,-473.1,-0.7000000000000001,12.7
1794,,,,,
1795,-4.0,12.1,-472.9,-0.7000000000000001,12.7
1796,,,,,
1797,-4.0,12.1,-472.7,-0.7000000000000001,12.7
1798,,,,,
1799,,,,,
1800,-4.0,12.1,-472.9,-0.7000000000000001,12.7
1801,-4.0,12.1,-472.8,-0.7000000000000001,12.7
1802,,,,,
1803,,,,,
1804,-4.0,12.1,-473.2,-0.7000000000000001,12.7
1805,-4.0,12.1,-473.0,-0.7000000000000001,12.7
1806,,,,,
1807,,,,,
1808,-4.0,12.1,-473.0,-0.7000000000000001,12.7
1809,-4.0,12.1,-473.0,-0.7000000000000001,12.7
1810,,,,,
1811,,,,,
1812,-4.0,12.1,-472.8,-0.7000000000000001,12.7
1813,-4.0,12.1,-472.6,-0.7000000000000001,12.7
1814,,,,,
1815,,,,,
1816,-4.0,12.1,-473.3,-0.7000000000000001,12.7
1817,,,,,
1818,-4.2,12.1,-473.2,-0.8,12.8
1819,,,,,
1820,-4.0,12.1,-473.4,-0.6000000000000001,12.7
1821,,,,,
1822,-4.1,12.0,-473.1,-0.7000000000000001,12.7
1823,,,,,
1824,-4.0,12.1,-472.9,-0.6000000000000001,12.7
1825,-4.0,12.1,-472.8,-0.6000000000000001,12.7
1826,,,,,
1827,-4.0,12.1,-473.0,-0.6000000000000001,12.7
1828,,,,,
1829,-4.0,12.1,-473.2,-0.6000000000000001,12.7
1830,,,,,
1831,,,,,
1832,-4.0,12.1,-473.3,-0.6000000000000001,12.7
1833,-4.0,12.1,-473.0,-0.6000000000000001,12.7
1834,,,,,
1835,,,,,
1836,-4.0,12.1,-472.7,-0.6000000000000001,12.7
1837,,,,,
1838,-89.9,3.0,-472.7,-85.7,27.2
1839,-50.3,6.2,-473.0,-46.8,19.7
1840,-104.7,0.5,-472.7,-100.5,29.0
1841,,,,,
1842,,,,,
1843,-62.3,5.2,-472.7,-58.5,22.1
1844,-4.0,12.1,-472.9,-0.5,12.7
1845,,,,,
1846,,,,,
1847,-102.9,2.4,-472.9,-98.3,30.6
1848,,,,,
1849,-54.8,11.9,-474.0,-49.4,26.5
1850,-100.8,0.0,-473.7,-96.9,27.8
1851,,,,,
1852,-79.9,3.9,-473.2,-75.7,25.9
1853,,,,,
1854,-63.4,4.4,-473.0,-59.7,21.8
1855,,,,,
1856,-109.4,0.30000000000000004,-473.1,-105.0,30.7
1857,,,,,
1858,-110.1,-2.6,-473.3,-106.5,28.2
1859,,,,,
1860,-59.7,4.7,-473.5,-56.0,21.2
1861,,,,,
1862,,,,,
1863,-53.8,5.5,-473.7,-50.1,20.4
1864,-108.1,1.1,-473.1,-103.5,31.4
1865,,,,,
1866,-103.9,-0.30000000000000004,-473.3,-99.8,28.9
1867,,,,,
1868,,,,,
1869,-108.6,2.4,-472.9,-103.5,32.9
1870,-4.0,12.2,-473.8,-0.4,12.8
1871,,,,,
1872,-105.4,4.6,-473.6,-99.7,34.3
1873,,,,,
1874,-100.1,5.0,-473.4,-94.6,33.3
1875,,,,,
1876,,,,,
1877,-4.1,12.1,-473.0,-0.5,12.8
1878,,,,,
1879,-63.7,6.0,-473.1,-59.3,23.9
1880,-104.3,3.4,-473.2,-99.0,33.0
1881,,,,,
1882,-108.0,3.2,-473.6,-102.6,34.0
1883,,,,,
1884,-104.0,3.0,-474.0,-98.7,32.7
1885,,,,,
1886,,,,,
1887,-104.3,3.8,-473.7,-98.8,33.7
1888,,,,,
1889,-96.7,7.7,-473.8,-90.4,35.3
1890,,,,,
1891,-36.2,8.8,-473.5,-32.1,18.9
1892,,,,,
1893,-106.3,1.5,-473.3,-101.3,32.2
1894,,,,,
1895,-90.9,8.9,-473.5,-84.4,35.0
1896,,,,,
1897,-107.7,6.0,-473.6,-101.3,37.1
1898,,,,,
1899,-106.3,0.4,-473.4,-101.6,31.4
1900,,,,,
1901,-106.4,5.7,-473.4,-100.1,36.5
1902,,,,,
1903,-110.3,-0.7000000000000001,-473.1,-105.7,31.7
1904,-4.0,12.1,-473.4,-0.30000000000000004,12.8
1905,,,,,
1906,-110.9,2.1,-473.1,-105.4,34.7
1907,,,,,
1908,,,,,
1909,-108.6,4.1,-472.8,-102.5,36.0
1910,,,,,
1911,-103.3,4.8,-473.5,-97.2,35.1
1912,-4.1,12.0,-473.9,-0.30000000000000004,12.7
1913,,,,,
1914,,,,,
1915,-4.3,11.9,-473.4,-0.6000000000000001,12.6
1916,,,,,
1917,-108.0,1.6,-473.4,-102.6,33.7
1918,,,,,
1919,-107.2,2.3,-474.0,-101.6,34.2
1920,,,,,
1921,-101.1,1.8,-474.1,-95.9,31.9
1922,-103.5,0.7000000000000001,-473.9,-98.5,31.7
1923,,,,,
1924,-103.5,3.5,-473.2,-97.7,34.4
1925,,,,,
1926,-100.8,2.9,-473.7,-95.2,33.2
1927,,,,,
1928,,,,,
1929,-109.6,3.0,-474.1,-103.6,36.0
1930,-106.4,4.0,-473.8,-100.2,36.0
1931,,,,,
1932,-104.8,2.8,-474.0,-99.0,34.4
1933,,,,,
1934,-107.5,6.1,-474.1,-100.6,38.5
1935,,,,,
1936,-105.4,4.8,-473.6,-98.9,36.7
1937,,,,,
1938,,,,,
1939,-104.2,4.4,-474.0,-97.9,36.0
1940,,,,,
1941,-101.2,6.3,-473.9,-94.4,37.0
1942,-103.2,4.9,-473.7,-96.7,36.3
1943,,,,,
1944,-105.7,2.3,-473.9,-99.9,34.7
1945,,,,,
1946,,,,,
1947,-107.0,8.4,-474.0,-99.3,41.0
1948,-100.7,7.9,-473.8,-93.4,38.6
1949,,,,,
1950,,,,,
1951,-98.0,10.3,-474.2,-90.0,40.1
1952,-106.3,9.7,-473.9,-98.1,42.1
1953,,,,,
1954,,,,,
1955,-107.6,0.8,-473.6,-102.0,34.2
1956,-97.3,4.9,-473.6,-91.0,35.0
1957,,,,,
1958,,,,,
1959,-100.7,8.2,-474.3,-93.1,39.3
1960,-97.0,10.0,-474.4,-89.0,39.9
1961,,,,,
1962,-100.9,10.6,-474.2,-92.5,41.7
1963,,,,,
1964,,,,,
1965,-103.9,5.9,-473.7,-96.7,38.3
1966,,,,,
1967,-105.0,8.1,-473.9,-97.1,40.8
1968,,,,,
1969,-99.8,10.2,-474.2,-91.5,41.2
1970,-99.5,10.3,-474.6,-91.1,41.2
1971,,,,,
1972,,,,,
1973,-97.3,11.4,-474.3,-88.7,41.7
1974,,,,,
1975,-94.8,7.1,-474.5,-87.7,36.8
1976,,,,,
1977,-94.0,4.8,-474.4,-87.6,34.5
1978,,,,,
1979,-91.8,8.5,-475.1,-84.3,37.3
1980,,,,,
1981,-87.0,7.8,-474.9,-80.0,35.1
1982,-90.3,6.5,-475.1,-83.4,35.1
1983,,,,,
1984,-89.0,5.8,-474.9,-82.4,34.0
1985,,,,,
1986,,,,,
1987,-96.0,8.6,-474.3,-88.2,39.0
1988,,,,,
1989,-91.8,10.5,-474.8,-83.5,39.5
1990,,,,,
1991,-95.0,8.7,-474.7,-87.1,38.9
1992,-91.4,8.5,-474.5,-83.7,37.6
1993,,,,,
1994,,,,,
1995,-92.4,8.5,-474.1,-84.6,38.0
1996,,,,,
1997,-93.7,7.0,-474.4,-86.3,37.1
1998,-88.5,12.7,-474.8,-79.6,40.9
1999,,,,,
2000,,,,,
2001,-84.1,10.7,-475.1,-76.0,37.6
2002,,,,,
2003,-80.8,12.3,-474.9,-72.3,38.1
2004,-79.3,8.2,-474.6,-72.3,33.7
2005,,,,,
2006,-82.5,8.7,-475.0,-75.1,35.3
2007,,,,,
2008,,,,,
2009,-76.8,11.5,-475.5,-68.7,36.1
2010,-80.2,15.4,-475.0,-70.6,41.0
2011,,,,,
2012,,,,,
2013,-78.2,6.8,-475.0,-71.6,32.2
2014,,,,,
2015,-80.4,10.4,-473.7,-72.5,36.4
2016,-70.6,13.1,-475.0,-62.2,35.7
2017,,,,,
2018,,,,,
2019,-70.5,14.1,-475.6,-61.8,36.7
2020,-66.0,16.7,-475.9,-56.7,37.7
2021,,,,,
2022,,,,,
2023,-64.6,14.7,-457.5,-56.0,35.4
2024,,,,,
2025,-72.7,11.1,-475.7,-64.8,34.7
2026,-70.3,9.6,-466.7,-63.0,32.6
2027,,,,,
2028,-63.6,12.2,-457.8,-55.8,32.8
2029,,,,,
2030,-63.7,14.5,-457.9,-55.2,35.1
2031,-62.4,15.7,-458.2,-53.5,35.8
2032,,,,,
2033,-63.6,14.4,-458.1,-55.0,35.0
2034,,,,,
2035,,,,,
2036,-63.7,17.8,-458.5,-53.9,38.3
2037,-71.2,11.6,-475.8,-63.1,35.0
2038,,,,,
2039,-72.3,14.6,-474.6,-63.1,38.3
2040,,,,,
2041,,,,,
2042,-64.0,12.5,-459.1,-55.9,33.5
2043,,,,,
2044,-73.7,14.1,-475.5,-64.5,38.4
2045,-74.6,13.5,-475.2,-65.5,38.1
2046,,,,,
2047,-73.3,16.2,-475.4,-63.3,40.3
2048,,,,,
2049,,,,,
2050,-69.3,18.6,-473.7,-58.7,41.2
2051,-68.1,17.4,-467.4,-58.0,39.7
2052,,,,,
2053,-63.6,13.1,-457.9,-55.2,34.2
2054,,,,,
2055,,,,,
2056,-64.9,17.7,-458.7,-54.8,39.0
2057,,,,,
2058,-70.4,16.3,-475.8,-60.4,39.6
2059,-76.6,10.7,-475.5,-68.1,36.5
2060,,,,,
2061,-78.8,11.9,-475.3,-69.8,38.5
2062,,,,,
2063,,,,,
2064,-75.6,13.1,-475.1,-66.3,38.5
2065,-72.9,11.4,-473.4,-64.4,36.1
2066,,,,,
2067,-69.5,18.2,-476.2,-58.8,41.3
2068,,,,,
2069,,,,,
2070,-57.3,27.4,-469.2,-44.1,45.6
2071,-3.6,11.2,-445.9,0.5,11.7
2072,,,,,
2073,,,,,
2074,-3.9,12.0,-466.4,0.6000000000000001,12.6
2075,-3.8,12.0,-466.1,0.7000000000000001,12.6
2076,,,,,
2077,,,,,
2078,-3.9,12.0,-466.1,0.6000000000000001,12.6
2079,,,,,
2080,-3.8,12.0,-466.2,0.7000000000000001,12.6
2081,-3.9,12.0,-466.2,0.6000000000000001,12.6
2082,,,,,
2083,-3.9,12.0,-466.7,0.6000000000000001,12.6
2084,,,,,
2085,,,,,
2086,-3.8,12.0,-465.8,0.7000000000000001,12.6
2087,-3.9,12.0,-467.0,0.6000000000000001,12.6
2088,,,,,
2089,-3.9,12.0,-467.3,0.6000000000000001,12.6
2090,,,,,
2091,-3.9,12.0,-467.2,0.6000000000000001,12.6
2092,,,,,
2093,-3.9,12.0,-468.6,0.7000000000000001,12.6
2094,,,,,
2095,-3.9,12.0,-468.4,0.6000000000000001,12.6
2096,,,,,
2097,-3.8,12.0,-468.2,0.7000000000000001,12.6
2098,,,,,
2099,-3.9,12.0,-467.0,0.7000000000000001,12.6
2100,,,,,
2101,-3.9,12.0,-467.0,0.7000000000000001,12.6
2102,,,,,
2103,,,,,
2104,-3.8,12.0,-468.0,0.8,12.6
2105,,,,,
2106,-3.9,12.0,-468.4,0.7000000000000001,12.6
2107,-3.9,12.0,-468.5,0.7000000000000001,12.6
2108,,,,,
2109,-3.9,12.0,-468.6,0.7000000000000001,12.6
2110,,,,,
2111,-3.9,12.1,-468.8,0.8,12.7
2112,,,,,
2113,,,,,
2114,-3.9,12.0,-467.9,0.7000000000000001,12.6
2115,-3.8,12.0,-467.8,0.8,12.6
2116,,,,,
2117,-3.8,11.6,-451.1,0.7000000000000001,12.2
2118,,,,,
2119,-3.8,12.0,-466.1,0.8,12.6
2120,,,,,
2121,,,,,
2122,-3.8,12.0,-466.3,0.8,12.5
2123,,,,,
2124,-4.0,12.0,-467.0,0.7000000000000001,12.6
2125,,,,,
2126,,,,,
2127,55.1,-68.0,-464.2,26.3,-83.5
2128,,,,,
2129,61.6,-45.4,-441.1,40.6,-64.9
2130,42.2,-32.8,-441.1,27.1,-46.0
2131,,,,,
2132,21.0,-25.8,-442.5,10.0,-31.7
2133,,,,,
2134,-3.8,11.9,-464.8,0.9,12.5
2135,,,,,
2136,,,,,
2137,-84.7,8.3,-475.0,-75.5,39.1
2138,,,,,
2139,-90.2,10.9,-475.0,-79.7,43.6
2140,,,,,
2141,-95.4,10.0,-474.3,-84.8,44.8
2142,-92.0,7.8,-474.7,-82.5,41.5
2143,,,,,
2144,,,,,
2145,-95.4,9.6,-474.5,-84.9,44.5
2146,,,,,
2147,-93.3,6.4,-474.4,-84.2,40.8
2148,-95.8,7.5,-474.3,-86.0,42.8
2149,,,,,
2150,-104.0,9.3,-474.2,-92.9,47.6
2151,,,,,
2152,,,,,
2153,-95.4,6.4,-474.2,-86.0,41.7
2154,,,,,
2155,-98.9,7.2,-474.3,-88.9,43.9
2156,-98.1,9.3,-474.3,-87.4,45.5
2157,,,,,
2158,-100.3,8.2,-474.4,-89.8,45.4
2159,,,,,
2160,-100.6,9.4,-474.2,-89.6,46.7
2161,,,,,
2162,-98.2,5.9,-474.4,-88.7,42.6
2163,,,,,
2164,,,,,
2165,-100.5,5.9,-474.4,-90.8,43.5
2166,,,,,
2167,-97.7,8.9,-474.4,-87.0,45.3
2168,,,,,
2169,-90.2,9.3,-474.5,-79.9,42.9
2170,-94.0,8.8,-474.9,-83.6,44.0
2171,,,,,
2172,,,,,
2173,-99.5,5.1,-474.5,-90.0,42.7
2174,,,,,
2175,-99.5,8.0,-474.1,-88.9,45.4
2176,-99.4,7.0,-474.5,-89.2,44.5
2177,,,,,
2178,,,,,
2179,-3.9,11.8,-460.7,0.9,12.4
2180,,,,,
2181,-3.8,12.0,-466.2,1.1,12.5
2182,-3.7,11.5,-447.7,1.0,12.0
2183,,,,,
2184,17.1,-38.8,-446.6,0.9,-42.4
2185,,,,,
2186,-3.8,11.9,-461.2,1.1,12.4
2187,,,,,
2188,,,,,
2189,-3.9,12.0,-466.5,1.0,12.6
2190,,,,,
2191,-3.8,12.0,-466.5,1.1,12.5
2192,-3.9,12.0,-466.7,1.0,12.6
2193,,,,,
2194,-3.8,12.0,-467.4,1.1,12.5
2195,,,,,
2196,,,,,
2197,-3.8,12.0,-467.1,1.2,12.5
2198,-3.6,11.1,-430.1,1.0,11.6
2199,,,,,
2200,,,,,
2201,-62.9,4.5,-474.4,-56.2,28.6
2202,,,,,
2203,-93.7,5.4,-473.9,-84.2,41.5
2204,-94.9,8.6,-474.4,-84.0,45.0
2205,,,,,
2206,,,,,
2207,-94.3,10.4,-474.1,-82.7,46.5
2208,-88.3,17.2,-474.2,-74.5,50.4
2209,,,,,
2210,,,,,
2211,-85.4,14.3,-474.2,-72.9,46.6
2212,,,,,
2213,-94.0,14.6,-474.8,-80.8,50.4
2214,-97.5,13.0,-474.3,-84.5,50.3
2215,,,,,
2216,-97.6,9.4,-474.3,-86.0,47.1
2217,,,,,
2218,,,,,
2219,-96.9,6.0,-474.7,-86.7,43.7
2220,-94.8,11.6,-474.5,-82.5,48.0
2221,,,,,
2222,,,,,
2223,-95.7,9.7,-474.3,-84.0,46.7
2224,-92.8,23.4,-475.1,-76.0,58.2
2225,,,,,
2226,,,,,
2227,-3.7,11.5,-455.1,1.1,12.1
2228,-3.7,11.7,-456.9,1.2,12.3
2229,,,,,
2230,-3.8,12.0,-467.0,1.2,12.5
2231,,,,,
2232,,,,,
2233,-3.7,11.7,-455.4,1.3,12.2
2234,-3.7,11.7,-454.4,1.2,12.2
2235,,,,,
2236,-58.5,-10.5,-474.6,-57.9,13.7
2237,,,,,
2238,-98.7,7.5,-475.8,-87.5,46.3
2239,,,,,
2240,-45.7,12.0,-462.6,-37.1,29.3
2241,,,,,
2242,-3.7,11.5,-447.9,1.2,12.0
2243,,,,,
2244,-3.6,11.5,-448.2,1.3,12.0
2245,,,,,
2246,0.5,0.30000000000000004,-448.2,0.6000000000000001,0.1
2247,,,,,
2248,,,,,
2249,-2.9,9.2,-357.7,1.0,9.6
2250,,,,,
2251,-2.9,9.1,-354.2,1.0,9.5
2252,,,,,
2253,-3.2,10.0,-364.5,1.1,10.4
2254,,,,,
2255,-3.9,12.2,-476.3,1.4,12.7
2256,,,,,
2257,-105.4,7.7,-474.7,-93.3,49.7
2258,-47.6,16.5,-471.1,-36.8,34.4
2259,,,,,
2260,,,,,
2261,-3.7,11.6,-451.6,1.3,12.1
2262,,,,,
2263,-3.7,11.6,-450.4,1.3,12.1
2264,,,,,
2265,-3.7,11.5,-450.0,1.3,12.0
2266,-3.7,11.6,-449.4,1.3,12.1
2267,,,,,
2268,,,,,
2269,-3.8,11.9,-470.0,1.4,12.4
2270,-61.2,0.4,-474.2,-55.7,25.3
2271,,,,,
2272,-109.2,4.8,-474.0,-97.7,49.0
2273,,,,,
2274,,,,,
2275,-112.2,8.7,-474.1,-98.8,53.8
2276,,,,,
2277,-112.3,7.1,-474.2,-99.5,52.5
2278,,,,,
2279,-103.3,6.6,-474.5,-91.5,48.4
2280,-67.0,12.8,-472.6,-55.9,39.2
2281,,,,,
2282,,,,,
2283,-3.7,11.6,-449.2,1.4,12.1
2284,,,,,
2285,-3.7,11.6,-450.2,1.4,12.1
2286,,,,,
2287,-3.7,11.5,-449.1,1.4,12.0
2288,,,,,
2289,-3.6,11.5,-448.2,1.4,12.0
2290,-3.7,11.5,-448.0,1.4,12.0
2291,,,,,
2292,,,,,
2293,-3.7,11.6,-451.8,1.4,12.1
2294,,,,,
2295,-3.7,11.6,-453.7,1.5,12.1
2296,,,,,
2297,-44.6,3.4,-474.3,-39.2,21.6
2298,-108.7,10.7,-474.3,-94.5,54.9
2299,,,,,
2300,-109.5,6.4,-474.1,-96.9,51.4
2301,,,,,
2302,,,,,
2303,-79.9,8.5,-474.3,-69.1,41.0
2304,-107.1,8.8,-474.6,-93.8,52.6
2305,,,,,
2306,-3.6,11.2,-436.4,1.4,11.7
2307,,,,,
2308,-36.2,4.5,-477.3,-31.0,19.2
2309,,,,,
2310,,,,,
2311,-110.2,5.5,-474.6,-97.8,51.1
2312,-3.9,12.2,-475.3,1.6,12.7
2313,,,,,
2314,-3.9,12.2,-475.1,1.6,12.7
2315,,,,,
2316,-4.0,12.2,-475.2,1.5,12.7
2317,,,,,
2318,,,,,
2319,-60.1,6.5,-474.3,-51.9,31.1
2320,,,,,
2321,-81.0,8.8,-474.3,-69.8,42.0
2322,-106.3,1.7000000000000002,-474.3,-95.7,46.3
2323,,,,,
2324,-109.5,6.4,-474.3,-96.6,52.0
2325,,,,,
2326,,,,,
2327,-109.9,6.3,-474.6,-97.0,52.1
2328,-57.6,8.9,-475.2,-48.4,32.4
2329,,,,,
2330,,,,,
2331,-50.0,8.2,-474.5,-41.8,28.6
2332,,,,,
2333,-66.7,6.3,-474.2,-57.8,33.9
2334,-3.9,11.6,-460.2,1.4,12.2
2335,,,,,
2336,,,,,
2337,-3.9,8.8,-475.7,0.2,9.7
2338,-52.1,8.5,-473.8,-43.6,29.8
2339,,,,,
2340,-3.7,11.5,-448.1,1.5,12.0
2341,,,,,
2342,,,,,
2343,-3.7,11.5,-447.9,1.5,12.0
2344,-3.7,11.6,-450.4,1.6,12.1
2345,,,,,
2346,-3.7,11.5,-448.7,1.6,12.0
2347,,,,,
2348,-3.7,11.5,-447.4,1.6,12.0
2349,,,,,
2350,,,,,
2351,-3.7,11.6,-450.1,1.6,12.1
2352,,,,,
2353,-3.7,11.7,-453.5,1.6,12.2
2354,,,,,
2355,-3.8,11.9,-471.3,1.7000000000000002,12.4
2356,,,,,
2357,-3.7,11.8,-456.7,1.6,12.2
2358,,,,,
2359,-3.7,11.7,-454.6,1.7000000000000002,12.2
2360,,,,,
2361,-102.3,-4.5,-474.3,-94.3,39.8
2362,,,,,
2363,-3.9,12.0,-461.2,1.7000000000000002,12.5
2364,,,,,
2365,-3.7,11.6,-449.5,1.6,12.0
2366,-3.6,11.6,-450.8,1.7000000000000002,12.0
2367,,,,,
2368,-3.4,10.6,-412.7,1.5,11.1
2369,,,,,
2370,,,,,
2371,10.2,-24.9,-358.1,-1.5,-26.8
2372,,,,,
2373,18.1,-24.9,-356.9,5.6,-30.3
2374,,,,,
2375,28.2,-57.3,-359.1,0.7000000000000001,-63.8
2376,,,,,
2377,30.0,-50.5,-360.1,5.2,-58.5
2378,,,,,
2379,16.4,-47.2,-356.8,-5.7,-49.6
2380,,,,,
2381,-2.9,9.2,-359.6,1.4,9.5
2382,,,,,
2383,-3.5,11.2,-432.9,1.7000000000000002,11.6
2384,-3.8,11.7,-456.4,1.7000000000000002,12.2
2385,,,,,
2386,-3.7,11.7,-454.5,1.8,12.2
2387,,,,,
2388,,,,,
2389,-3.9,12.6,-493.1,1.9,13.0
2390,,,,,
2391,-3.8,12.2,-475.4,1.9,12.6
2392,,,,,
2393,-4.1,12.9,-500.1,1.9,13.4
2394,-4.1,12.9,-500.4,2.0,13.4
2395,,,,,
2396,-4.0,12.8,-500.0,2.0,13.3
2397,,,,,
2398,-4.1,12.9,-499.6,1.9,13.4
2399,,,,,
2400,-4.1,12.9,-479.9,2.0,13.4
2401,,,,,
2402,-3.9,12.2,-477.0,1.8,12.7
2403,,,,,
2404,,,,,
2405,-3.8,12.2,-475.4,1.9,12.6
2406,-3.8,12.2,-475.2,1.9,12.6
2407,,,,,
2408,-3.9,12.2,-474.7,1.9,12.7
2409,,,,,
2410,-3.9,12.2,-474.5,1.9,12.7
2411,,,,,
2412,-3.9,12.2,-474.6,1.9,12.7
2413,,,,,
2414,-3.8,12.2,-474.7,2.0,12.6
2415,,,,,
2416,,,,,
2417,-3.8,12.2,-474.8,2.0,12.6
2418,-3.9,12.2,-474.8,1.9,12.7
2419,,,,,
2420,-3.9,12.2,-475.0,1.9,12.7
2421,,,,,
2422,-3.9,12.2,-474.8,1.9,12.7
2423,,,,,
2424,,,,,
2425,-3.9,12.2,-474.8,1.9,12.7
2426,,,,,
2427,-3.9,12.2,-475.0,1.9,12.7
2428,,,,,
2429,-3.9,12.2,-475.0,1.9,12.6
2430,,,,,
2431,-3.9,12.2,-475.1,1.9,12.7
2432,,,,,
2433,-3.8,12.2,-474.9,2.0,12.6
2434,,,,,
2435,-3.9,12.2,-474.8,1.9,12.7
2436,,,,,
2437,-3.9,12.2,-474.8,1.9,12.6
2438,,,,,
2439,-3.8,12.2,-475.2,2.0,12.6
2440,,,,,
2441,-3.8,12.2,-475.0,2.0,12.6
2442,,,,,
2443,-3.8,12.2,-474.7,2.0,12.6
2444,-3.8,11.8,-463.2,1.9,12.3
2445,,,,,
2446,,,,,
2447,-3.8,11.7,-456.8,1.9,12.2
2448,,,,,
2449,-3.7,11.6,-452.4,1.8,12.0
2450,-3.7,11.7,-453.7,1.9,12.1
2451,,,,,
2452,,,,,
2453,-3.8,12.2,-475.3,2.0,12.6
2454,-3.8,12.2,-474.8,2.0,12.6
2455,,,,,
2456,,,,,
2457,-3.8,12.2,-474.6,2.0,12.6
2458,-3.9,12.2,-474.4,2.0,12.7
2459,,,,,
2460,-55.2,6.1,-474.0,-46.7,30.2
2461,,,,,
2462,-56.7,14.0,-477.2,-44.4,37.9
2463,,,,,
2464,-3.8,12.2,-474.6,2.0,12.6
2465,,,,,
2466,,,,,
2467,-3.8,12.2,-474.6,2.1,12.6
2468,,,,,
2469,-3.9,12.2,-474.1,2.0,12.7
2470,-3.8,12.2,-474.4,2.1,12.6
2471,,,,,
2472,,,,,
2473,-3.9,12.2,-474.1,2.0,12.7
2474,-3.8,12.2,-474.6,2.0,12.6
2475,,,,,
2476,,,,,
2477,-3.9,12.2,-474.6,2.0,12.7
2478,,,,,
2479,-3.9,12.2,-473.9,2.0,12.6
2480,-3.8,12.2,-474.0,2.1,12.6
2481,,,,,
2482,-3.9,12.2,-474.5,2.1,12.6
2483,,,,,
2484,-3.8,12.2,-474.4,2.1,12.6
2485,,,,,
2486,-3.9,12.2,-474.4,2.1,12.6
2487,,,,,
2488,,,,,
2489,-3.8,12.2,-474.9,2.1,12.6
2490,,,,,
2491,-3.8,12.2,-474.7,2.1,12.6
2492,,,,,
2493,-3.9,12.2,-474.5,2.0,12.7
2494,,,,,
2495,-3.9,12.2,-474.7,2.1,12.7
2496,-3.9,12.2,-475.2,2.1,12.6
2497,,,,,
2498,,,,,
2499,-3.8,12.2,-474.9,2.1,12.6
2500,,,,,
2501,-3.9,12.2,-474.6,2.1,12.6
2502,,,,,
2503,-86.8,5.3,-474.4,-74.9,44.1
2504,,,,,
2505,-3.8,12.2,-474.7,2.1,12.6
2506,-3.9,12.2,-475.0,2.1,12.7
2507,,,,,
2508,-3.9,12.2,-474.9,2.1,12.6
2509,,,,,
2510,-3.9,12.2,-474.8,2.1,12.6
2511,,,,,
2512,,,,,
2513,-3.9,12.2,-474.9,2.1,12.6
2514,,,,,
2515,-3.8,12.2,-474.6,2.2,12.6
2516,-3.8,12.2,-474.7,2.2,12.6
2517,,,,,
2518,-3.8,12.2,-474.9,2.2,12.6
2519,,,,,
2520,-3.8,12.2,-474.9,2.1,12.6
2521,,,,,
2522,-3.8,12.2,-475.1,2.2,12.6
2523,,,,,
2524,-4.0,12.1,-475.2,2.0,12.6
2525,,,,,
2526,,,,,
2527,-4.2,11.7,-475.2,1.5,12.3
2528,,,,,
2529,-3.8,12.2,-475.1,2.2,12.6
2530,,,,,
2531,-3.8,12.2,-474.8,2.2,12.6
2532,,,,,
2533,-4.1,12.1,-474.5,1.9,12.6
2534,,,,,
2535,-3.8,12.2,-474.8,2.2,12.6
2536,-3.8,12.2,-475.1,2.2,12.6
2537,,,,,
2538,,,,,
2539,-3.9,12.3,-475.1,2.2,12.7
2540,,,,,
2541,-3.9,12.3,-475.0,2.2,12.7
2542,,,,,
2543,-3.8,12.2,-475.0,2.3,12.6
2544,-3.8,12.2,-474.5,2.2,12.6
2545,,,,,
2546,-3.7,12.2,-474.7,2.3,12.5
2547,,,,,
2548,,,,,
2549,-3.8,12.2,-474.8,2.2,12.6
2550,,,,,
2551,-88.5,7.4,-475.2,-75.2,47.1
2552,-56.5,10.4,-474.7,-45.4,35.2
2553,,,,,
2554,-66.5,5.3,-474.1,-56.6,35.3
2555,,,,,
2556,-3.8,12.2,-474.3,2.2,12.6
2557,,,,,
2558,,,,,
2559,-51.7,12.2,-473.9,-40.3,34.6
2560,,,,,
2561,-3.8,12.2,-474.5,2.2,12.6
2562,-3.8,12.2,-474.8,2.2,12.6
2563,-3.8,12.2,-474.6,2.3,12.6
2564,-3.8,12.2,-474.6,2.3,12.6
2565,-3.8,12.2,-474.2,2.2,12.6
2566,-3.8,12.2,-474.2,2.2,12.6
2567,-107.9,6.3,-474.0,-92.9,55.3
2568,-108.9,7.9,-474.4,-93.0,57.2
2569,-105.3,1.7000000000000002,-474.3,-92.7,50.1
2570,-3.7,12.2,-474.5,2.3,12.5
2571,-3.9,12.2,-474.5,2.2,12.6
2572,-51.7,12.2,-474.2,-40.2,34.7
2573,-111.7,1.9,-474.3,-98.3,53.2
2574,-3.8,12.1,-474.5,2.2,12.5
2575,-3.8,12.2,-474.7,2.3,12.6
2576,-3.8,12.2,-474.8,2.3,12.6
2577,-80.1,5.2,-474.2,-68.6,41.6
2578,-108.3,0.5,-474.4,-95.7,50.5
2579,-105.9,1.5,-474.1,-93.2,50.4
2580,-106.1,5.7,-474.4,-91.4,54.1
2581,-4.0,12.2,-474.7,2.1,12.7
2582,-58.9,10.6,-474.7,-47.3,36.7
2583,-56.9,5.4,-474.5,-48.0,31.1
2584,-108.5,7.0,-474.4,-92.9,56.4
2585,-99.9,6.5,-474.4,-85.6,52.0
2586,-105.1,8.1,-474.7,-89.4,55.8
2587,-58.4,9.0,-474.5,-47.6,35.1
2588,-57.4,7.9,-474.6,-47.2,33.6
2589,-3.8,12.2,-474.4,2.3,12.6
2590,-57.2,7.3,-474.5,-47.3,33.0
2591,-3.9,12.2,-474.7,2.2,12.6
2592,-108.0,2.9,-474.3,-94.3,52.7
2593,-3.8,12.2,-474.8,2.3,12.6
2594,-84.2,2.5,-474.5,-73.4,41.3
2595,-57.7,5.2,-474.8,-48.7,31.4
2596,-110.8,2.9,-474.8,-96.8,54.0
2597,-104.6,7.0,-474.8,-89.4,54.7
2598,-101.7,4.5,-474.9,-87.9,51.2
2599,-100.7,7.5,-474.6,-85.7,53.5
2600,-106.0,9.8,-475.0,-89.3,58.0
2601,-105.7,0.6000000000000001,-475.1,-93.3,49.6
2602,-106.8,5.1,-474.8,-92.2,54.2
2603,-99.9,3.5,-474.7,-86.8,49.6
2604,-97.7,9.2,-475.1,-82.2,53.6
2605,-94.7,9.3,-475.1,-79.5,52.2
2606,-94.9,8.2,-475.2,-80.2,51.4
2607,-92.5,11.9,-475.2,-76.3,53.6
2608,-91.1,9.4,-475.3,-76.2,50.7
2609,-90.4,14.7,-475.3,-73.2,55.1
2610,-100.2,10.9,-475.2,-83.7,56.3
2611,-98.6,14.9,-475.3,-80.4,59.1
2612,-90.3,10.5,-475.4,-75.1,51.3
2613,-88.8,12.1,-475.6,-73.0,52.0
2614,-92.3,10.7,-475.4,-76.7,52.4
2615,-92.7,11.9,-475.1,-76.5,53.7
2616,-97.4,11.1,-475.1,-81.0,55.2
2617,-90.2,11.2,-475.7,-74.6,52.0
2618,-85.8,15.6,-476.1,-68.7,53.7
2619,-87.7,10.8,-476.0,-72.6,50.4
2620,-101.0,6.6,-475.6,-86.3,52.9
2621,-95.1,7.1,-475.5,-80.8,50.6
2622,-88.1,10.4,-475.4,-73.1,50.3
2623,-87.9,9.0,-475.7,-73.6,48.9
2624,-88.8,13.3,-475.8,-72.3,53.2
2625,-90.1,10.7,-476.0,-74.8,51.4
2626,-91.5,9.9,-476.0,-76.4,51.4
2627,-89.1,15.7,-476.1,-71.5,55.4
2628,-87.3,19.5,-476.3,-68.2,57.9
2629,-84.6,17.5,-475.4,-66.8,54.9
2630,-86.6,10.0,-476.0,-72.0,49.2
2631,-81.9,15.1,-476.4,-65.4,51.5
2632,-80.3,15.2,-476.1,-64.0,50.8
2633,-71.7,26.0,-475.6,-51.3,56.3
2634,-72.4,27.6,-475.8,-51.2,58.1
2635,-70.6,20.3,-476.1,-53.0,50.8
2636,,,,,
2637,-67.4,24.4,-476.5,-48.2,53.0
2638,,,,,
2639,,,,,
2640,-63.7,27.6,-476.4,-43.5,54.1
2641,,,,,
2642,-66.5,23.0,-476.3,-48.1,51.3
2643,,,,,
2644,-71.2,22.7,-476.2,-52.4,53.2
2645,-75.9,17.5,-475.9,-59.0,50.9
2646,,,,,
2647,-65.2,22.1,-476.4,-47.4,49.9
2648,,,,,
2649,,,,,
2650,-71.4,24.6,-476.7,-51.8,55.0
2651,,,,,
2652,-66.6,21.6,-476.5,-48.9,50.1
2653,-70.7,21.2,-475.7,-52.7,51.7
2654,,,,,
2655,,,,,
2656,-74.4,16.8,-475.6,-58.1,49.5
2657,-73.1,16.7,-476.1,-56.9,48.8
2658,,,,,
2659,,,,,
2660,-67.2,22.0,-476.4,-49.3,50.7
2661,-62.8,24.0,-462.5,-44.4,50.4
2662,,,,,
2663,-56.4,26.1,-459.1,-37.8,49.4
2664,,,,,
2665,-59.4,25.6,-460.7,-40.7,50.3
2666,,,,,
2667,,,,,
2668,-63.8,27.1,-468.9,-43.9,53.6
2669,,,,,
2670,-65.1,26.1,-467.8,-45.5,53.4
2671,,,,,
2672,-66.0,24.7,-473.9,-46.9,52.5
2673,-60.9,24.9,-457.7,-42.3,50.4
2674,,,,,
2675,-60.7,26.1,-459.0,-41.6,51.4
